-- MySQL dump 10.13  Distrib 5.5.46, for Linux (x86_64)
--
-- Host: natwebsddb52    Database: USGSINKYGage2
-- ------------------------------------------------------
-- Server version	5.1.73-log

/*!40101 SET @OLD_CHARACTER_SET_CLIENT=@@CHARACTER_SET_CLIENT */;
/*!40101 SET @OLD_CHARACTER_SET_RESULTS=@@CHARACTER_SET_RESULTS */;
/*!40101 SET @OLD_COLLATION_CONNECTION=@@COLLATION_CONNECTION */;
/*!40101 SET NAMES utf8 */;
/*!40103 SET @OLD_TIME_ZONE=@@TIME_ZONE */;
/*!40103 SET TIME_ZONE='+00:00' */;
/*!40014 SET @OLD_UNIQUE_CHECKS=@@UNIQUE_CHECKS, UNIQUE_CHECKS=0 */;
/*!40014 SET @OLD_FOREIGN_KEY_CHECKS=@@FOREIGN_KEY_CHECKS, FOREIGN_KEY_CHECKS=0 */;
/*!40101 SET @OLD_SQL_MODE=@@SQL_MODE, SQL_MODE='NO_AUTO_VALUE_ON_ZERO' */;
/*!40111 SET @OLD_SQL_NOTES=@@SQL_NOTES, SQL_NOTES=0 */;

--
-- Current Database: `USGSINKYGage2`
--

CREATE DATABASE /*!32312 IF NOT EXISTS*/ `USGSINKYGage2` /*!40100 DEFAULT CHARACTER SET latin1 */;

USE `USGSINKYGage2`;

--
-- Table structure for table `Icon`
--

DROP TABLE IF EXISTS `Icon`;
/*!40101 SET @saved_cs_client     = @@character_set_client */;
/*!40101 SET character_set_client = utf8 */;
CREATE TABLE `Icon` (
  `id` int(11) NOT NULL,
  `url` varchar(255) NOT NULL,
  `type` int(11) NOT NULL,
  PRIMARY KEY (`id`)
) ENGINE=InnoDB DEFAULT CHARSET=utf8;
/*!40101 SET character_set_client = @saved_cs_client */;

--
-- Dumping data for table `Icon`
--

LOCK TABLES `Icon` WRITE;
/*!40000 ALTER TABLE `Icon` DISABLE KEYS */;
INSERT INTO `Icon` VALUES (2,'http://ky.water.usgs.gov/projects/porpoise/Images/ORDamSafetyLogo.jpg',1),(3,'http://ky.water.usgs.gov/projects/porpoise/Images/ORDamSafetyLogo.jpg',1),(4,'http://ky.water.usgs.gov/projects/porpoise/Images/ORDamSafetyLogo.jpg',1),(5,'http://ky.water.usgs.gov/projects/porpoise/Images/ORDamSafetyLogo.jpg',1),(6,'http://ky.water.usgs.gov/projects/porpoise/Images/ORDamSafetyLogo.jpg',1),(7,'http://ky.water.usgs.gov/projects/porpoise/Images/ORDamSafetyLogo.jpg',1),(8,'http://ky.water.usgs.gov/projects/porpoise/Images/ORDamSafetyLogo.jpg',1),(9,'http://ky.water.usgs.gov/projects/porpoise/Images/ORDamSafetyLogo.jpg',1),(10,'http://ky.water.usgs.gov/projects/porpoise/Images/ORDamSafetyLogo.jpg',1),(11,'http://ky.water.usgs.gov/projects/porpoise/Images/ORDamSafetyLogo.jpg',1),(12,'http://ky.water.usgs.gov/projects/porpoise/Images/ORDamSafetyLogo.jpg',1),(13,'http://ky.water.usgs.gov/projects/porpoise/Images/ORDamSafetyLogo.jpg',1),(14,'http://ky.water.usgs.gov/projects/porpoise/Images/ORDamSafetyLogo.jpg',1),(15,'http://ky.water.usgs.gov/projects/porpoise/Images/ORDamSafetyLogo.jpg',1),(16,'http://ky.water.usgs.gov/projects/porpoise/Images/ORDamSafetyLogo.jpg',1),(17,'http://ky.water.usgs.gov/projects/porpoise/Images/ORDamSafetyLogo.jpg',1),(18,'http://ky.water.usgs.gov/projects/porpoise/Images/ORDamSafetyLogo.jpg',1),(19,'http://ky.water.usgs.gov/projects/porpoise/Images/ORDamSafetyLogo.jpg',1),(20,'http://ky.water.usgs.gov/projects/porpoise/Images/ORDamSafetyLogo.jpg',1),(21,'http://ky.water.usgs.gov/projects/porpoise/Images/ORDamSafetyLogo.jpg',1),(24,'http://ky.water.usgs.gov/projects/porpoise/Images/ORDamSafetyLogo.jpg',1),(25,'http://ky.water.usgs.gov/projects/porpoise/Images/ORDamSafetyLogo.jpg',1),(27,'http://ky.water.usgs.gov/projects/porpoise/Images/ORDamSafetyLogo.jpg',1),(28,'http://ky.water.usgs.gov/projects/porpoise/Images/ORDamSafetyLogo.jpg',1),(29,'http://ky.water.usgs.gov/projects/porpoise/Images/ORDamSafetyLogo.jpg',1),(30,'http://ky.water.usgs.gov/projects/porpoise/Images/ORDamSafetyLogo.jpg',1),(31,'http://ky.water.usgs.gov/projects/porpoise/Images/ORDamSafetyLogo.jpg',1),(32,'http://ky.water.usgs.gov/projects/porpoise/Images/ORDamSafetyLogo.jpg',1),(33,'http://ky.water.usgs.gov/projects/porpoise/Images/ORDamSafetyLogo.jpg',1),(34,'http://ky.water.usgs.gov/projects/porpoise/Images/ORDamSafetyLogo.jpg',1),(35,'http://ky.water.usgs.gov/projects/porpoise/Images/ORDamSafetyLogo.jpg',1),(36,'http://ky.water.usgs.gov/projects/porpoise/Images/ORDamSafetyLogo.jpg',1),(37,'http://ky.water.usgs.gov/projects/porpoise/Images/ORDamSafetyLogo.jpg',1),(38,'http://ky.water.usgs.gov/projects/porpoise/Images/ORDamSafetyLogo.jpg',1),(39,'http://ky.water.usgs.gov/projects/porpoise/Images/ORDamSafetyLogo.jpg',1),(40,'http://ky.water.usgs.gov/projects/porpoise/Images/ORDamSafetyLogo.jpg',1),(41,'http://ky.water.usgs.gov/projects/porpoise/Images/ORDamSafetyLogo.jpg',1),(42,'http://ky.water.usgs.gov/projects/porpoise/Images/ORDamSafetyLogo.jpg',1),(43,'http://ky.water.usgs.gov/projects/porpoise/Images/ORDamSafetyLogo.jpg',1),(44,'http://ky.water.usgs.gov/projects/porpoise/Images/ORDamSafetyLogo.jpg',1),(45,'http://ky.water.usgs.gov/projects/porpoise/Images/ORDamSafetyLogo.jpg',1),(46,'http://ky.water.usgs.gov/projects/porpoise/Images/ORDamSafetyLogo.jpg',1),(50,'http://ky.water.usgs.gov/projects/porpoise/Images/ORDamSafetyLogo.jpg',1),(51,'http://ky.water.usgs.gov/projects/porpoise/Images/ORDamSafetyLogo.jpg',1),(52,'http://ky.water.usgs.gov/projects/porpoise/Images/ORDamSafetyLogo.jpg',1),(53,'http://ky.water.usgs.gov/projects/porpoise/Images/ORDamSafetyLogo.jpg',1),(54,'http://ky.water.usgs.gov/projects/porpoise/Images/ORDamSafetyLogo.jpg',1),(55,'http://ky.water.usgs.gov/projects/porpoise/Images/ORDamSafetyLogo.jpg',1),(56,'http://ky.water.usgs.gov/projects/porpoise/Images/ORDamSafetyLogo.jpg',1),(58,'http://ky.water.usgs.gov/projects/porpoise/Images/ORDamSafetyLogo.jpg',1),(59,'http://ky.water.usgs.gov/projects/porpoise/Images/ORDamSafetyLogo.jpg',1),(60,'http://ky.water.usgs.gov/projects/porpoise/Images/ORDamSafetyLogo.jpg',1),(61,'http://ky.water.usgs.gov/projects/porpoise/Images/ORDamSafetyLogo.jpg',1),(62,'http://ky.water.usgs.gov/projects/porpoise/Images/ORDamSafetyLogo.jpg',1),(64,'http://ky.water.usgs.gov/projects/porpoise/Images/ORDamSafetyLogo.jpg',1),(65,'http://ky.water.usgs.gov/projects/porpoise/Images/ORDamSafetyLogo.jpg',1),(66,'http://ky.water.usgs.gov/projects/porpoise/Images/ORDamSafetyLogo.jpg',1),(71,'http://ky.water.usgs.gov/projects/porpoise/Images/ORDamSafetyLogo.jpg',1),(72,'http://ky.water.usgs.gov/projects/porpoise/Images/ORDamSafetyLogo.jpg',1),(73,'http://ky.water.usgs.gov/projects/porpoise/Images/ORDamSafetyLogo.jpg',1),(74,'http://ky.water.usgs.gov/projects/porpoise/Images/ORDamSafetyLogo.jpg',1),(75,'http://ky.water.usgs.gov/projects/porpoise/Images/ORDamSafetyLogo.jpg',1),(76,'http://ky.water.usgs.gov/projects/porpoise/Images/ORDamSafetyLogo.jpg',1),(78,'http://ky.water.usgs.gov/projects/porpoise/Images/ORDamSafetyLogo.jpg',1),(79,'http://ky.water.usgs.gov/projects/porpoise/Images/ORDamSafetyLogo.jpg',1),(80,'http://ky.water.usgs.gov/projects/porpoise/Images/ORDamSafetyLogo.jpg',1),(81,'http://ky.water.usgs.gov/projects/porpoise/Images/ORDamSafetyLogo.jpg',1),(82,'http://ky.water.usgs.gov/projects/porpoise/Images/ORDamSafetyLogo.jpg',1),(86,'http://ky.water.usgs.gov/projects/porpoise/Images/ORDamSafetyLogo.jpg',1),(87,'http://ky.water.usgs.gov/projects/porpoise/Images/ORDamSafetyLogo.jpg',1),(88,'http://ky.water.usgs.gov/projects/porpoise/Images/ORDamSafetyLogo.jpg',1),(90,'http://ky.water.usgs.gov/projects/porpoise/Images/ORDamSafetyLogo.jpg',1),(91,'http://ky.water.usgs.gov/projects/porpoise/Images/ORDamSafetyLogo.jpg',1),(92,'http://ky.water.usgs.gov/projects/porpoise/Images/ORDamSafetyLogo.jpg',1),(93,'http://ky.water.usgs.gov/projects/porpoise/Images/ORDamSafetyLogo.jpg',1),(94,'http://ky.water.usgs.gov/projects/porpoise/Images/ORDamSafetyLogo.jpg',1),(116,'http://ky.water.usgs.gov/projects/porpoise/Images/ORDamSafetyLogo.jpg',1),(126,'http://ky.water.usgs.gov/projects/porpoise/Images/ORDamSafetyLogo.jpg',1),(130,'http://ky.water.usgs.gov/projects/porpoise/Images/ORDamSafetyLogo.jpg',1),(132,'http://ky.water.usgs.gov/projects/porpoise/Images/ORDamSafetyLogo.jpg',1),(134,'http://ky.water.usgs.gov/projects/porpoise/Images/ORDamSafetyLogo.jpg',1),(137,'http://ky.water.usgs.gov/projects/porpoise/Images/ORDamSafetyLogo.jpg',1),(143,'http://ky.water.usgs.gov/projects/porpoise/Images/ORDamSafetyLogo.jpg',1),(144,'http://ky.water.usgs.gov/projects/porpoise/Images/ORDamSafetyLogo.jpg',1),(152,'http://ky.water.usgs.gov/projects/porpoise/Images/ORDamSafetyLogo.jpg',1),(153,'http://ky.water.usgs.gov/projects/porpoise/Images/ORDamSafetyLogo.jpg',1),(155,'http://ky.water.usgs.gov/projects/porpoise/Images/ORDamSafetyLogo.jpg',1),(157,'http://ky.water.usgs.gov/projects/porpoise/Images/ORDamSafetyLogo.jpg',1),(158,'http://ky.water.usgs.gov/projects/porpoise/Images/ORDamSafetyLogo.jpg',1),(159,'http://ky.water.usgs.gov/projects/porpoise/Images/ORDamSafetyLogo.jpg',1),(160,'http://ky.water.usgs.gov/projects/porpoise/Images/ORDamSafetyLogo.jpg',1),(163,'http://ky.water.usgs.gov/projects/porpoise/Images/ORDamSafetyLogo.jpg',1),(165,'http://ky.water.usgs.gov/projects/porpoise/Images/ORDamSafetyLogo.jpg',1),(166,'http://ky.water.usgs.gov/projects/porpoise/Images/ORDamSafetyLogo.jpg',1),(167,'http://ky.water.usgs.gov/projects/porpoise/Images/ORDamSafetyLogo.jpg',1),(168,'http://ky.water.usgs.gov/projects/porpoise/Images/ORDamSafetyLogo.jpg',1),(169,'http://ky.water.usgs.gov/projects/porpoise/Images/ORDamSafetyLogo.jpg',1),(174,'http://ky.water.usgs.gov/projects/porpoise/Images/ORDamSafetyLogo.jpg',1),(178,'http://ky.water.usgs.gov/projects/porpoise/Images/ORDamSafetyLogo.jpg',1),(179,'http://ky.water.usgs.gov/projects/porpoise/Images/ORDamSafetyLogo.jpg',1),(181,'http://ky.water.usgs.gov/projects/porpoise/Images/ORDamSafetyLogo.jpg',1),(182,'http://ky.water.usgs.gov/projects/porpoise/Images/ORDamSafetyLogo.jpg',1),(189,'http://ky.water.usgs.gov/projects/porpoise/Images/ORDamSafetyLogo.jpg',1),(190,'http://ky.water.usgs.gov/projects/porpoise/Images/ORDamSafetyLogo.jpg',1),(191,'http://ky.water.usgs.gov/projects/porpoise/Images/ORDamSafetyLogo.jpg',1),(192,'http://ky.water.usgs.gov/projects/porpoise/Images/ORDamSafetyLogo.jpg',1),(193,'http://ky.water.usgs.gov/projects/porpoise/Images/ORDamSafetyLogo.jpg',1),(195,'http://ky.water.usgs.gov/projects/porpoise/Images/ORDamSafetyLogo.jpg',1),(196,'http://ky.water.usgs.gov/projects/porpoise/Images/ORDamSafetyLogo.jpg',1),(197,'http://ky.water.usgs.gov/projects/porpoise/Images/ORDamSafetyLogo.jpg',1),(198,'http://ky.water.usgs.gov/projects/porpoise/Images/ORDamSafetyLogo.jpg',1),(199,'http://ky.water.usgs.gov/projects/porpoise/Images/ORDamSafetyLogo.jpg',1),(200,'http://ky.water.usgs.gov/projects/porpoise/Images/ORDamSafetyLogo.jpg',1),(201,'http://ky.water.usgs.gov/projects/porpoise/Images/ORDamSafetyLogo.jpg',1),(202,'http://ky.water.usgs.gov/projects/porpoise/Images/ORDamSafetyLogo.jpg',1),(203,'http://ky.water.usgs.gov/projects/porpoise/Images/ORDamSafetyLogo.jpg',1),(204,'http://ky.water.usgs.gov/projects/porpoise/Images/ORDamSafetyLogo.jpg',1),(205,'http://ky.water.usgs.gov/projects/porpoise/Images/ORDamSafetyLogo.jpg',1),(209,'http://ky.water.usgs.gov/projects/porpoise/Images/ORDamSafetyLogo.jpg',1),(210,'http://ky.water.usgs.gov/projects/porpoise/Images/ORDamSafetyLogo.jpg',1),(211,'http://ky.water.usgs.gov/projects/porpoise/Images/ORDamSafetyLogo.jpg',1),(212,'http://ky.water.usgs.gov/projects/porpoise/Images/ORDamSafetyLogo.jpg',1),(213,'http://ky.water.usgs.gov/projects/porpoise/Images/ORDamSafetyLogo.jpg',1),(214,'http://ky.water.usgs.gov/projects/porpoise/Images/ORDamSafetyLogo.jpg',1),(215,'http://ky.water.usgs.gov/projects/porpoise/Images/ORDamSafetyLogo.jpg',1),(216,'http://ky.water.usgs.gov/projects/porpoise/Images/ORDamSafetyLogo.jpg',1),(217,'http://ky.water.usgs.gov/projects/porpoise/Images/ORDamSafetyLogo.jpg',1),(218,'http://ky.water.usgs.gov/projects/porpoise/Images/ORDamSafetyLogo.jpg',1),(219,'http://ky.water.usgs.gov/projects/porpoise/Images/ORDamSafetyLogo.jpg',1),(220,'http://ky.water.usgs.gov/projects/porpoise/Images/ORDamSafetyLogo.jpg',1),(221,'http://ky.water.usgs.gov/projects/porpoise/Images/ORDamSafetyLogo.jpg',1),(222,'http://ky.water.usgs.gov/projects/porpoise/Images/ORDamSafetyLogo.jpg',1),(223,'http://ky.water.usgs.gov/projects/porpoise/Images/ORDamSafetyLogo.jpg',1),(224,'http://ky.water.usgs.gov/projects/porpoise/Images/ORDamSafetyLogo.jpg',1),(225,'http://ky.water.usgs.gov/projects/porpoise/Images/ORDamSafetyLogo.jpg',1),(226,'http://ky.water.usgs.gov/projects/porpoise/Images/ORDamSafetyLogo.jpg',1),(231,'http://ky.water.usgs.gov/projects/porpoise/Images/ORDamSafetyLogo.jpg',1),(233,'http://ky.water.usgs.gov/projects/porpoise/Images/ORDamSafetyLogo.jpg',1),(234,'http://ky.water.usgs.gov/projects/porpoise/Images/ORDamSafetyLogo.jpg',1),(235,'http://ky.water.usgs.gov/projects/porpoise/Images/ORDamSafetyLogo.jpg',1),(236,'http://ky.water.usgs.gov/projects/porpoise/Images/ORDamSafetyLogo.jpg',1),(237,'http://ky.water.usgs.gov/projects/porpoise/Images/ORDamSafetyLogo.jpg',1),(240,'http://ky.water.usgs.gov/projects/porpoise/Images/ORDamSafetyLogo.jpg',1),(242,'http://ky.water.usgs.gov/projects/porpoise/Images/ORDamSafetyLogo.jpg',1),(243,'http://ky.water.usgs.gov/projects/porpoise/Images/ORDamSafetyLogo.jpg',1),(244,'http://ky.water.usgs.gov/projects/porpoise/Images/ORDamSafetyLogo.jpg',1),(245,'http://ky.water.usgs.gov/projects/porpoise/Images/ORDamSafetyLogo.jpg',1),(246,'http://ky.water.usgs.gov/projects/porpoise/Images/ORDamSafetyLogo.jpg',1),(247,'http://ky.water.usgs.gov/projects/porpoise/Images/ORDamSafetyLogo.jpg',1),(248,'http://ky.water.usgs.gov/projects/porpoise/Images/ORDamSafetyLogo.jpg',1),(250,'http://ky.water.usgs.gov/projects/porpoise/Images/ORDamSafetyLogo.jpg',1),(251,'http://ky.water.usgs.gov/projects/porpoise/Images/ORDamSafetyLogo.jpg',1),(253,'http://ky.water.usgs.gov/projects/porpoise/Images/ORDamSafetyLogo.jpg',1),(258,'http://ky.water.usgs.gov/projects/porpoise/Images/ORDamSafetyLogo.jpg',1),(261,'http://ky.water.usgs.gov/projects/porpoise/Images/ORDamSafetyLogo.jpg',1),(262,'http://ky.water.usgs.gov/projects/porpoise/Images/ORDamSafetyLogo.jpg',1);
/*!40000 ALTER TABLE `Icon` ENABLE KEYS */;
UNLOCK TABLES;

--
-- Table structure for table `Object`
--

DROP TABLE IF EXISTS `Object`;
/*!40101 SET @saved_cs_client     = @@character_set_client */;
/*!40101 SET character_set_client = utf8 */;
CREATE TABLE `Object` (
  `id` int(11) NOT NULL,
  `contentType` varchar(255) NOT NULL,
  `url` varchar(255) NOT NULL,
  `reducedURL` varchar(255) NOT NULL,
  `size` float(15,5) NOT NULL,
  PRIMARY KEY (`id`)
) ENGINE=InnoDB DEFAULT CHARSET=utf8;
/*!40101 SET character_set_client = @saved_cs_client */;

--
-- Dumping data for table `Object`
--

LOCK TABLES `Object` WRITE;
/*!40000 ALTER TABLE `Object` DISABLE KEYS */;
/*!40000 ALTER TABLE `Object` ENABLE KEYS */;
UNLOCK TABLES;

--
-- Table structure for table `POI`
--

DROP TABLE IF EXISTS `POI`;
/*!40101 SET @saved_cs_client     = @@character_set_client */;
/*!40101 SET character_set_client = utf8 */;
CREATE TABLE `POI` (
  `id` varchar(255) NOT NULL DEFAULT '',
  `footnote` varchar(150) DEFAULT NULL,
  `title` varchar(150) DEFAULT NULL,
  `lat` decimal(13,10) DEFAULT NULL,
  `lon` decimal(13,10) DEFAULT NULL,
  `imageURL` varchar(255) DEFAULT NULL,
  `description` varchar(150) DEFAULT NULL,
  `biwStyle` enum('classic','collapsed') DEFAULT NULL,
  `alt` int(10) DEFAULT NULL,
  `doNotIndex` tinyint(1) DEFAULT NULL,
  `showSmallBiw` tinyint(1) DEFAULT NULL,
  `showBiwOnClick` tinyint(1) DEFAULT NULL,
  `poiType` enum('geo','vision') DEFAULT NULL,
  `iconID` int(11) NOT NULL,
  `objectID` int(11) NOT NULL,
  `transformID` int(11) NOT NULL,
  PRIMARY KEY (`id`)
) ENGINE=InnoDB DEFAULT CHARSET=utf8;
/*!40101 SET character_set_client = @saved_cs_client */;

--
-- Dumping data for table `POI`
--

LOCK TABLES `POI` WRITE;
/*!40000 ALTER TABLE `POI` DISABLE KEYS */;
INSERT INTO `POI` VALUES ('10','','First Creek Dam ',38.9107535100,-87.0158361400,'http://ky.water.usgs.gov/projects/porpoise/Images/IN.LH.Dam.png','First Creek','',0,0,0,0,'geo',10,0,10),('11','','WHITE CLOUD DAM',38.2289726200,-86.2255862400,'http://ky.water.usgs.gov/projects/porpoise/Images/IN.LH.Dam.png','Blue River','',0,0,0,0,'geo',11,0,11),('116','','WARSAW WATER SUPPLY DAM, Fox Farm Road Dam',41.2578426700,-85.8722825800,'http://ky.water.usgs.gov/projects/porpoise/Images/IN.LH.Dam.png','Tippecanoe River','',0,0,0,0,'geo',116,0,116),('12','','Hurricane Creek Dam',39.4777134600,-86.0498938200,'http://ky.water.usgs.gov/projects/porpoise/Images/IN.LH.Dam.png','Hurricane Creek','',0,0,0,0,'geo',12,0,12),('126','','NASBY LAKE DAM',41.6955859600,-85.3228851100,'http://ky.water.usgs.gov/projects/porpoise/Images/IN.LH.Dam.png','Pigeon River','',0,0,0,0,'geo',126,0,126),('13','','Ontario Millpond Dam',41.7071950900,-85.3754438100,'http://ky.water.usgs.gov/projects/porpoise/Images/IN.LH.Dam.png','Pigeon River','',0,0,0,0,'geo',13,0,13),('130','','STAR MILL DAM',41.7455391400,-85.4365816400,'http://ky.water.usgs.gov/projects/porpoise/Images/IN.LH.Dam.png','Fawn River','',0,0,0,0,'geo',130,0,130),('132','','TROXEL RUN DAM',41.7069833400,-85.3561463500,'http://ky.water.usgs.gov/projects/porpoise/Images/IN.LH.Dam.png','Tributary to Pigeon River','',0,0,0,0,'geo',132,0,132),('134','','Wolcottville Town Dam',41.5291415800,-85.3680049100,'http://ky.water.usgs.gov/projects/porpoise/Images/IN.LH.Dam.png','Little Elkhart Creek','',0,0,0,0,'geo',134,0,134),('137','','HOBART DEEP RIVER DAM',41.5646387600,-87.2935364300,'http://ky.water.usgs.gov/projects/porpoise/Images/IN.LH.Dam.png','Deep River','',0,0,0,0,'geo',137,0,137),('14','','Star Mill Lower Dam',41.7465385500,-85.4358959300,'http://ky.water.usgs.gov/projects/porpoise/Images/IN.LH.Dam.png','Fawn River','',0,0,0,0,'geo',14,0,14),('143','','Galena River rock dam',41.7523654700,-86.6695493900,'http://ky.water.usgs.gov/projects/porpoise/Images/IN.LH.Dam.png',' ','',0,0,0,0,'geo',143,0,143),('144','','JACK RAGLE DAM',41.7003870000,-86.7247641800,'http://ky.water.usgs.gov/projects/porpoise/Images/IN.LH.Dam.png','Galena River','',0,0,0,0,'geo',144,0,144),('15','','Chevy Dam/Washington Street Dam/Perry Steam Dam',39.7620778200,-86.1739726500,'http://ky.water.usgs.gov/projects/porpoise/Images/IN.LH.Dam.png','West Fork White River','',0,0,0,0,'geo',15,0,15),('152','','Avoca State Fish Hatchery Dam - Goose Creek',38.9086273700,-86.5480905300,'http://ky.water.usgs.gov/projects/porpoise/Images/IN.LH.Dam.png','Goose Creek','',0,0,0,0,'geo',152,0,152),('153','','Avoca State Fish Hatchery Dam - UNT Goose Creek',38.9112042300,-86.5526647100,'http://ky.water.usgs.gov/projects/porpoise/Images/IN.LH.Dam.png','Unnamed Tributary to Goose Creek (Spring)','',0,0,0,0,'geo',153,0,153),('155','','WILLIAMS DAM',38.8017973700,-86.6451231400,'http://ky.water.usgs.gov/projects/porpoise/Images/IN.LH.Dam.png','East Fork White River','',0,0,0,0,'geo',155,0,155),('157','','KILLBUCK CREEK DAM',40.1175839300,-85.6778760800,'http://ky.water.usgs.gov/projects/porpoise/Images/IN.LH.Dam.png','Killbuck Creek','',0,0,0,0,'geo',157,0,157),('158','','PENDLETON DAM',40.0038824800,-85.7488526700,'http://ky.water.usgs.gov/projects/porpoise/Images/IN.LH.Dam.png','Fall Creek','',0,0,0,0,'geo',158,0,158),('159','','WHITE RIVER DAM [Anderson]',40.1130656000,-85.6751005100,'http://ky.water.usgs.gov/projects/porpoise/Images/IN.LH.Dam.png','West Fork White River','',0,0,0,0,'geo',159,0,159),('16','','White River Dam At Kessler Ave',39.8609421900,-86.1624533700,'http://ky.water.usgs.gov/projects/porpoise/Images/IN.LH.Dam.png','West Fork White River','',0,0,0,0,'geo',16,0,16),('160','','BROAD RIPPLE DAM',39.8735466800,-86.1402580900,'http://ky.water.usgs.gov/projects/porpoise/Images/IN.LH.Dam.png','West Fork White River','',0,0,0,0,'geo',160,0,160),('163','','EMERICHSVILLE DAM, 16th Street Dam',39.7871118400,-86.1950921200,'http://ky.water.usgs.gov/projects/porpoise/Images/IN.LH.Dam.png','West Fork White River','',0,0,0,0,'geo',163,0,163),('165','','FALL CREEK KEYSTONE AVE. DAM',39.8340490000,-86.1224144300,'http://ky.water.usgs.gov/projects/porpoise/Images/IN.LH.Dam.png','Fall Creek','',0,0,0,0,'geo',165,0,165),('166','','GARFIELD PARK DAM',39.7353137000,-86.1496686100,'http://ky.water.usgs.gov/projects/porpoise/Images/IN.LH.Dam.png','Pleasant Run','',0,0,0,0,'geo',166,0,166),('167','','HARDING ST. POWER PLANT DAM',39.7100669600,-86.2015994600,'http://ky.water.usgs.gov/projects/porpoise/Images/IN.LH.Dam.png','West Fork White River','',0,0,0,0,'geo',167,0,167),('168','','SHIRLEY LAKE PARK DAM',39.7941468000,-86.0451806200,'http://ky.water.usgs.gov/projects/porpoise/Images/IN.LH.Dam.png','Pleasant Run','',0,0,0,0,'geo',168,0,168),('169','','TENTH STREET - EAGLE CREEK DAM',39.7801819800,-86.2598666400,'http://ky.water.usgs.gov/projects/porpoise/Images/IN.LH.Dam.png','Eagle Creek','',0,0,0,0,'geo',169,0,169),('17','','Beanblossom Creek Dam',39.2317448900,-86.5397222900,'http://ky.water.usgs.gov/projects/porpoise/Images/IN.LH.Dam.png','Beanblossom Creek','',0,0,0,0,'geo',17,0,17),('174','','WILLIAMS CREEK CUTOFF DAM',39.8863300400,-86.1388353100,'http://ky.water.usgs.gov/projects/porpoise/Images/IN.LH.Dam.png','Unnamed Tributary Williams Creek','',0,0,0,0,'geo',174,0,174),('178','','BIG RACCOON CREEK DAM',39.8804075500,-86.8467519800,'http://ky.water.usgs.gov/projects/porpoise/Images/IN.LH.Dam.png','Big Raccoon Creek','',0,0,0,0,'geo',178,0,178),('179','','CRAWFORDSVILLE ENERGY LLC DAM, SUGAR CREEK DAM',40.0480943300,-86.9003162900,'http://ky.water.usgs.gov/projects/porpoise/Images/IN.LH.Dam.png','Sugar Creek','',0,0,0,0,'geo',179,0,179),('18','','Deer Creek Dam',39.5568719100,-86.8808272700,'http://ky.water.usgs.gov/projects/porpoise/Images/IN.LH.Dam.png','Deer Creek','',0,0,0,0,'geo',18,0,18),('181','','WEST FORK WHITE RIVER DAM/ Eagle Valley Power Plant Dam',39.4862257800,-86.4298123900,'http://ky.water.usgs.gov/projects/porpoise/Images/IN.LH.Dam.png','West Fork White River','',0,0,0,0,'geo',181,0,181),('182','','SOUTH MARSH DAM',41.1865077400,-87.3236189100,'http://ky.water.usgs.gov/projects/porpoise/Images/IN.LH.Dam.png','Dehaan Ditch','',0,0,0,0,'geo',182,0,182),('189','','FRENCH LICK SPRINGS HOTEL & COUNTRY CLUB DAM',38.5536544700,-86.6157840800,'http://ky.water.usgs.gov/projects/porpoise/Images/IN.LH.Dam.png','French Lick Creek','',0,0,0,0,'geo',189,0,189),('19','','Kennedy Park Dam',39.5253239900,-85.7644428900,'http://ky.water.usgs.gov/projects/porpoise/Images/IN.LH.Dam.png','Little Blue River','',0,0,0,0,'geo',19,0,19),('190','','LICK CREEK DAM NO. 1',38.5529145100,-86.4681315300,'http://ky.water.usgs.gov/projects/porpoise/Images/IN.LH.Dam.png','Lick Creek','',0,0,0,0,'geo',190,0,190),('191','','LICK CREEK DAM NO. 2',38.5507415100,-86.4639358100,'http://ky.water.usgs.gov/projects/porpoise/Images/IN.LH.Dam.png','Lick Creek','',0,0,0,0,'geo',191,0,191),('192','','LICK CREEK DAM NO. 3',38.5425241900,-86.4430438200,'http://ky.water.usgs.gov/projects/porpoise/Images/IN.LH.Dam.png','Lick Creek','',0,0,0,0,'geo',192,0,192),('193','','LICK CREEK DAM NO. 4',38.5381200300,-86.4342083100,'http://ky.water.usgs.gov/projects/porpoise/Images/IN.LH.Dam.png','Lick Creek','',0,0,0,0,'geo',193,0,193),('195','','MANSFIELD MILL POND DAM',39.6769706200,-87.1010720900,'http://ky.water.usgs.gov/projects/porpoise/Images/IN.LH.Dam.png','Raccoon Creek','',0,0,0,0,'geo',195,0,195),('196','','RACCOON CREEK DAM @ BRIDGETON',39.6496156500,-87.1762352600,'http://ky.water.usgs.gov/projects/porpoise/Images/IN.LH.Dam.png','Raccoon Creek','',0,0,0,0,'geo',196,0,196),('197','','WINSLOW WATER SUPPLY DAM',38.3794454000,-87.2173727200,'http://ky.water.usgs.gov/projects/porpoise/Images/IN.LH.Dam.png','Patoka River','',0,0,0,0,'geo',197,0,197),('198','','BETHLEHEM STEEL CHECK DAM No. 1',41.6126675300,-87.1467630700,'http://ky.water.usgs.gov/projects/porpoise/Images/IN.LH.Dam.png','Unnamed Tributary Little Calumet River','',0,0,0,0,'geo',198,0,198),('199','','BETHLEHEM STEEL CHECK DAM No. 2',41.6142814000,-87.1455304700,'http://ky.water.usgs.gov/projects/porpoise/Images/IN.LH.Dam.png','Unnamed Tributary Little Calumet River','',0,0,0,0,'geo',199,0,199),('2','','SPY RUN DAM',41.0892383000,-85.1358382700,'http://ky.water.usgs.gov/projects/porpoise/Images/IN.LH.Dam.png','Spy Run Creek','',0,0,0,0,'geo',2,0,2),('20','','Willow Fork Dam',39.3659576100,-85.8467129500,'http://ky.water.usgs.gov/projects/porpoise/Images/IN.LH.Dam.png','Flatrock River','',0,0,0,0,'geo',20,0,20),('200','','BETHLEHEM STEEL CHECK DAM No. 3',41.6156234500,-87.1455574900,'http://ky.water.usgs.gov/projects/porpoise/Images/IN.LH.Dam.png','Unnamed Tributary Little Calumet River','',0,0,0,0,'geo',200,0,200),('201','','BETHLEHEM STEEL CHECK DAM No. 4',41.6172537900,-87.1455371500,'http://ky.water.usgs.gov/projects/porpoise/Images/IN.LH.Dam.png','Unnamed Tributary Little Calumet River','',0,0,0,0,'geo',201,0,201),('202','','BETHLEHEM STEEL CHECK DAM No. 5',41.6163968200,-87.1465434700,'http://ky.water.usgs.gov/projects/porpoise/Images/IN.LH.Dam.png','Unnamed Tributary Little Calumet River','',0,0,0,0,'geo',202,0,202),('203','','BETHLEHEM STEEL CHECK DAM No. 6',41.6139661100,-87.1455537700,'http://ky.water.usgs.gov/projects/porpoise/Images/IN.LH.Dam.png','Unnamed Tributary Little Calumet River','',0,0,0,0,'geo',203,0,203),('204','','LINDE DAM',41.6151835900,-87.1292328600,'http://ky.water.usgs.gov/projects/porpoise/Images/IN.LH.Dam.png','Little Calumet River','',0,0,0,0,'geo',204,0,204),('205','','ROY NICHOLSON DAM',41.5595512100,-87.0841385500,'http://ky.water.usgs.gov/projects/porpoise/Images/IN.LH.Dam.png','Damon Run','',0,0,0,0,'geo',205,0,205),('209','','BIG WALNUT CREEK DAM',39.6671614800,-86.8663211100,'http://ky.water.usgs.gov/projects/porpoise/Images/IN.LH.Dam.png','Big Walnut Creek','',0,0,0,0,'geo',209,0,209),('21','','Twin Branch Dam',41.6658828700,-86.1327307800,'http://ky.water.usgs.gov/projects/porpoise/Images/IN.LH.Dam.png','St. Joseph River','',0,0,0,0,'geo',21,0,21),('210','','STATE FARM DAM',39.5613729300,-86.8767801400,'http://ky.water.usgs.gov/projects/porpoise/Images/IN.LH.Dam.png','Deer Creek','',0,0,0,0,'geo',210,0,210),('211','','OLD CAGLES MILL DAM, Cagle\'s Mill lowhead dam',39.4891798000,-86.9302263500,'http://ky.water.usgs.gov/projects/porpoise/Images/IN.LH.Dam.png','Mill Creek','',0,0,0,0,'geo',211,0,211),('212','','SPARROW CREEK  DAM',40.1714914900,-85.1139863700,'http://ky.water.usgs.gov/projects/porpoise/Images/IN.LH.Dam.png','Sparrow Creek','',0,0,0,0,'geo',212,0,212),('213','','WHITE RIVER DAM [Randolph Co]',40.1617107200,-85.2128065700,'http://ky.water.usgs.gov/projects/porpoise/Images/IN.LH.Dam.png','West Fork White River','',0,0,0,0,'geo',213,0,213),('214','','BOB\'S CREEK DAM',39.2789017300,-85.2214644500,'http://ky.water.usgs.gov/projects/porpoise/Images/IN.LH.Dam.png','Bobs Creek','',0,0,0,0,'geo',214,0,214),('215','','OLD TIMBERS LODGE DAM',39.0028487800,-85.3895493500,'http://ky.water.usgs.gov/projects/porpoise/Images/IN.LH.Dam.png','Graham Creek','',0,0,0,0,'geo',215,0,215),('216','','LEXINGTON PRESBYTERIAN CHURCH  DAM',38.6581866800,-85.6276885500,'http://ky.water.usgs.gov/projects/porpoise/Images/IN.LH.Dam.png','Town Creek','',0,0,0,0,'geo',216,0,216),('217','','MORGAN PACKING CO. DAM',38.7695823200,-85.8241486800,'http://ky.water.usgs.gov/projects/porpoise/Images/IN.LH.Dam.png','Muscatatuck River','',0,0,0,0,'geo',217,0,217),('218','','FREEPORT GRISTMILL DAM',39.6583773600,-85.7246586900,'http://ky.water.usgs.gov/projects/porpoise/Images/IN.LH.Dam.png','Big Blue River','',0,0,0,0,'geo',218,0,218),('219','','GENEVA DAM LOWER STRUCTURE',39.3899040100,-85.7222917400,'http://ky.water.usgs.gov/projects/porpoise/Images/IN.LH.Dam.png','Flatrock River','',0,0,0,0,'geo',219,0,219),('220','','GENEVA DAM UPPER STRUCTURE',39.3919305500,-85.7205826100,'http://ky.water.usgs.gov/projects/porpoise/Images/IN.LH.Dam.png','Flatrock River','',0,0,0,0,'geo',220,0,220),('221','','OLD MONROE MILL DAM',39.3937773600,-85.7562574300,'http://ky.water.usgs.gov/projects/porpoise/Images/IN.LH.Dam.png','Flatrock River','',0,0,0,0,'geo',221,0,221),('222','','BALL BAND DAM, Uniroyall Dam, Mishawka Dam',41.6631120800,-86.1772823000,'http://ky.water.usgs.gov/projects/porpoise/Images/IN.LH.Dam.png','St. Joseph River','',0,0,0,0,'geo',222,0,222),('223','','Potato Creek dam in North Liberty',41.5386658800,-86.4295152700,'http://ky.water.usgs.gov/projects/porpoise/Images/IN.LH.Dam.png','Potato Creek','',0,0,0,0,'geo',223,0,223),('224','','SOUTH BEND DAM, OLIVER DAM',41.6759429900,-86.2462585000,'http://ky.water.usgs.gov/projects/porpoise/Images/IN.LH.Dam.png','St. Joseph River','',0,0,0,0,'geo',224,0,224),('225','','HOOK DITCH DAM',41.2072893100,-86.7250277000,'http://ky.water.usgs.gov/projects/porpoise/Images/IN.LH.Dam.png',' ','',0,0,0,0,'geo',225,0,225),('226','','Yellow River dam in Knox',41.3027735000,-86.6208471400,'http://ky.water.usgs.gov/projects/porpoise/Images/IN.LH.Dam.png','Yellow River','',0,0,0,0,'geo',226,0,226),('231','','MARKLE MILL DAM',39.5278907800,-87.3460013900,'http://ky.water.usgs.gov/projects/porpoise/Images/IN.LH.Dam.png','Otter Creek','',0,0,0,0,'geo',231,0,231),('233','','STOCKDALE DAM',40.9142059400,-85.9430619200,'http://ky.water.usgs.gov/projects/porpoise/Images/IN.LH.Dam.png','Eel River','',0,0,0,0,'geo',233,0,233),('234','','MARLOTT MILL DAM',39.7929331100,-85.0858882800,'http://ky.water.usgs.gov/projects/porpoise/Images/IN.LH.Dam.png','Greens Fork','',0,0,0,0,'geo',234,0,234),('235','','NETTLE CREEK MILL DAM',39.9109047200,-85.1692490900,'http://ky.water.usgs.gov/projects/porpoise/Images/IN.LH.Dam.png','Nettle Creek','',0,0,0,0,'geo',235,0,235),('236','','RICHMOND WATER WORKS DAM',39.8457389800,-84.8470831400,'http://ky.water.usgs.gov/projects/porpoise/Images/IN.LH.Dam.png','East Fork Whitewater River','',0,0,0,0,'geo',236,0,236),('237','','WHITEWATER GORGE DAM',39.8334866800,-84.8985425400,'http://ky.water.usgs.gov/projects/porpoise/Images/IN.LH.Dam.png','East Fork Whitewater River','',0,0,0,0,'geo',237,0,237),('24','','Mill Creek Dam',40.7607685600,-85.8884870100,'http://ky.water.usgs.gov/projects/porpoise/Images/IN.LH.Dam.png','Mill Creek','',0,0,0,0,'geo',24,0,24),('240','','TA-PA-WINGO PARK DAM',41.0743054100,-85.6639020500,'http://ky.water.usgs.gov/projects/porpoise/Images/IN.LH.Dam.png','Eel River','',0,0,0,0,'geo',240,0,240),('242','','Fairview Dam',40.2941061900,-85.2089576500,'http://ky.water.usgs.gov/projects/porpoise/Images/IN.LH.Dam.png','Mississinewa River','',0,0,0,0,'geo',242,0,242),('243','','Henderson Creek Dam',38.9499111600,-86.3077925900,'http://ky.water.usgs.gov/projects/porpoise/Images/IN.LH.Dam.png','Henderson Creek','',0,0,0,0,'geo',243,0,243),('244','','Buck Creek Dam',39.7416049100,-85.9667772800,'http://ky.water.usgs.gov/projects/porpoise/Images/IN.LH.Dam.png','Buck Creek','',0,0,0,0,'geo',244,0,244),('245','','Old Mill Dam [Laughery Creek]',38.9760698200,-85.1550391500,'http://ky.water.usgs.gov/projects/porpoise/Images/IN.LH.Dam.png','Laughery Creek','',0,0,0,0,'geo',245,0,245),('246','','Haw Creek 25th Street Dam',39.2232504600,-85.8923549000,'http://ky.water.usgs.gov/projects/porpoise/Images/IN.LH.Dam.png','Haw Creek','',0,0,0,0,'geo',246,0,246),('247','','Haw Creek 17th Street Dam',39.2159834700,-85.8975889300,'http://ky.water.usgs.gov/projects/porpoise/Images/IN.LH.Dam.png','Haw Creek','',0,0,0,0,'geo',247,0,247),('248','','Little River Dam No. 2',40.8795934800,-85.4953794700,'http://ky.water.usgs.gov/projects/porpoise/Images/IN.LH.Dam.png','Little River','',0,0,0,0,'geo',248,0,248),('25','','Eel River Dam South of Laketon',40.9644671000,-85.8369708300,'http://ky.water.usgs.gov/projects/porpoise/Images/IN.LH.Dam.png','Eel River','',0,0,0,0,'geo',25,0,25),('250','','Indian Creek Ragins Rd dam',38.2998158000,-86.0679392700,'http://ky.water.usgs.gov/projects/porpoise/Images/IN.LH.Dam.png','Indian Creek','',0,0,0,0,'geo',250,0,250),('251','','Indian Creek Mathis Rd dam',38.2007329900,-86.1709285600,'http://ky.water.usgs.gov/projects/porpoise/Images/IN.LH.Dam.png','Indian Creek','',0,0,0,0,'geo',251,0,251),('253','','Christiana Creek Dam #2',41.6947570500,-85.9696119800,'http://ky.water.usgs.gov/projects/porpoise/Images/IN.LH.Dam.png','Christiana Creek','',0,0,0,0,'geo',253,0,253),('258','','Greenfield Mills Dam',41.7507375800,-85.2249671300,'http://ky.water.usgs.gov/projects/porpoise/Images/IN.LH.Dam.png','Fawn River','',0,0,0,0,'geo',258,0,258),('261','','Stony Creek Dam',40.0292273700,-86.0021765800,'http://ky.water.usgs.gov/projects/porpoise/Images/IN.LH.Dam.png','Stony Creek','',0,0,0,0,'geo',261,0,261),('262','','Wapa-nipi Nature Preserve Dam',39.7431330900,-84.9609302900,'http://ky.water.usgs.gov/projects/porpoise/Images/IN.LH.Dam.png','Whitewater River','',0,0,0,0,'geo',262,0,262),('27','','Milton Feeder Dam',39.7500116900,-85.1193604800,'http://ky.water.usgs.gov/projects/porpoise/Images/IN.LH.Dam.png','Whitewater River','',0,0,0,0,'geo',27,0,27),('28','','Whitewater River Dam at Hagerstown',39.9093435700,-85.1565976700,'http://ky.water.usgs.gov/projects/porpoise/Images/IN.LH.Dam.png','Whitewater River','',0,0,0,0,'geo',28,0,28),('29','','HOSEY DAM, Maumee River Dam',41.0824278800,-85.1158886100,'http://ky.water.usgs.gov/projects/porpoise/Images/IN.LH.Dam.png','Maumee River','',0,0,0,0,'geo',29,0,29),('3','','Cedar Creek Dam',41.2553058700,-85.1352529000,'http://ky.water.usgs.gov/projects/porpoise/Images/IN.LH.Dam.png','Cedar Creek','',0,0,0,0,'geo',3,0,3),('30','','St Joseph River, Johnny Appleseed Dam',41.1124777300,-85.1165062600,'http://ky.water.usgs.gov/projects/porpoise/Images/IN.LH.Dam.png','St. Joseph River','',0,0,0,0,'geo',30,0,30),('31','','CUMMINS HAW CREEK DAMS',39.2019353900,-85.9051856600,'http://ky.water.usgs.gov/projects/porpoise/Images/IN.LH.Dam.png','Haw Creek','',0,0,0,0,'geo',31,0,31),('32','','EAST FORK WHITE RIVER DAM',39.1999154200,-85.9263054400,'http://ky.water.usgs.gov/projects/porpoise/Images/IN.LH.Dam.png','East Fork White River','',0,0,0,0,'geo',32,0,32),('33','','HAW CREEK N.E. DAM',39.2347096800,-85.8883280500,'http://ky.water.usgs.gov/projects/porpoise/Images/IN.LH.Dam.png','Unnamed Tributary to Haw Creek','',0,0,0,0,'geo',33,0,33),('34','','Q.G. NOBLITT DAM',39.2183778700,-85.9272289500,'http://ky.water.usgs.gov/projects/porpoise/Images/IN.LH.Dam.png','Flatrock River','',0,0,0,0,'geo',34,0,34),('35','','ADAMS MILL DAM',40.4800993000,-86.5080053700,'http://ky.water.usgs.gov/projects/porpoise/Images/IN.LH.Dam.png','Wildcat Creek','',0,0,0,0,'geo',35,0,35),('36','','LOWER PIPE CREEK [ANDERSON] DAM',40.7291521000,-86.2208916700,'http://ky.water.usgs.gov/projects/porpoise/Images/IN.LH.Dam.png','Pipe Creek','',0,0,0,0,'geo',36,0,36),('37','','PIPE CREEK FALLS DAM',40.7268838300,-86.2171762200,'http://ky.water.usgs.gov/projects/porpoise/Images/IN.LH.Dam.png','Pipe Creek','',0,0,0,0,'geo',37,0,37),('38','','BLACKISTON MILLS DAM',38.3342730600,-85.7945945100,'http://ky.water.usgs.gov/projects/porpoise/Images/IN.LH.Dam.png','Silver Creek','',0,0,0,0,'geo',38,0,38),('39','','Highway 403 Dam',38.4157819500,-85.7420064300,'http://ky.water.usgs.gov/projects/porpoise/Images/IN.LH.Dam.png','Silver Creek','',0,0,0,0,'geo',39,0,39),('4','','Salt Creek Dam Brown Co. State Park',39.1942657700,-86.2194778500,'http://ky.water.usgs.gov/projects/porpoise/Images/IN.LH.Dam.png','North Fork Salt Creek','',0,0,0,0,'geo',4,0,4),('40','','Spring Street Dam',38.3004926900,-85.7916200000,'http://ky.water.usgs.gov/projects/porpoise/Images/IN.LH.Dam.png','Silver Creek','',0,0,0,0,'geo',40,0,40),('41','','TUNNEL MILL RES. DAM',38.4851462800,-85.6236163100,'http://ky.water.usgs.gov/projects/porpoise/Images/IN.LH.Dam.png','Fourteenmile Creek','',0,0,0,0,'geo',41,0,41),('42','','Zimmerman Road dam',38.5307580100,-85.6133059400,'http://ky.water.usgs.gov/projects/porpoise/Images/IN.LH.Dam.png','Fourteenmile Creek','',0,0,0,0,'geo',42,0,42),('43','','Little Blue RIVER DAM',38.2626423400,-86.4605044800,'http://ky.water.usgs.gov/projects/porpoise/Images/IN.LH.Dam.png','Little Blue River','',0,0,0,0,'geo',43,0,43),('44','','MILLTOWN DAM',38.3403593100,-86.2741090600,'http://ky.water.usgs.gov/projects/porpoise/Images/IN.LH.Dam.png','Blue River','',0,0,0,0,'geo',44,0,44),('45','','WESTPORT WATER SUPPLY DAM',39.1634736500,-85.5451774400,'http://ky.water.usgs.gov/projects/porpoise/Images/IN.LH.Dam.png','Sand Creek','',0,0,0,0,'geo',45,0,45),('46','','YOUTH CAMP DAM NO. 1',39.2162829500,-85.5314624800,'http://ky.water.usgs.gov/projects/porpoise/Images/IN.LH.Dam.png','Cobbs Creek','',0,0,0,0,'geo',46,0,46),('5','','LOGANSPORT 10th. STREET DAM',40.7597273200,-86.3584969800,'http://ky.water.usgs.gov/projects/porpoise/Images/IN.LH.Dam.png','Eel River','',0,0,0,0,'geo',5,0,5),('50','','GEORGE R. DALE DAM',40.2007010700,-85.3796839900,'http://ky.water.usgs.gov/projects/porpoise/Images/IN.LH.Dam.png','West Fork White River','',0,0,0,0,'geo',50,0,50),('51','','INDIANA STEEL AND WIRE CO. DAM',40.1934637500,-85.3634684500,'http://ky.water.usgs.gov/projects/porpoise/Images/IN.LH.Dam.png','West Fork White River','',0,0,0,0,'geo',51,0,51),('52','','MUNCIE WHITE RIVER WATERWORKS DAM',40.1837980100,-85.3495822500,'http://ky.water.usgs.gov/projects/porpoise/Images/IN.LH.Dam.png','West Fork White River','',0,0,0,0,'geo',52,0,52),('53','','PAULINE STREET DAM',40.1960287900,-85.3895930700,'http://ky.water.usgs.gov/projects/porpoise/Images/IN.LH.Dam.png','West Fork White River','',0,0,0,0,'geo',53,0,53),('54','','WEST FORK WHITE R. DAM @ SEWAGE PLANT',40.1854397500,-85.4392598700,'http://ky.water.usgs.gov/projects/porpoise/Images/IN.LH.Dam.png','West Fork White River','',0,0,0,0,'geo',54,0,54),('55','','JASPER, PATOKA RIVER DAM',38.3874832900,-86.9275763600,'http://ky.water.usgs.gov/projects/porpoise/Images/IN.LH.Dam.png','Patoka River','',0,0,0,0,'geo',55,0,55),('56','','PATOKA RIVER DAM',38.3485633400,-87.0023002900,'http://ky.water.usgs.gov/projects/porpoise/Images/IN.LH.Dam.png','Patoka River','',0,0,0,0,'geo',56,0,56),('58','','BAINTER TOWN DAM',41.5142035700,-85.8098546500,'http://ky.water.usgs.gov/projects/porpoise/Images/IN.LH.Dam.png','Elkhart River','',0,0,0,0,'geo',58,0,58),('59','','BAINTER TOWN HYDRO PLANT',41.5202290200,-85.8203028600,'http://ky.water.usgs.gov/projects/porpoise/Images/IN.LH.Dam.png','Elkhart River','',0,0,0,0,'geo',59,0,59),('6','','LOGANSPORT 9th. STREET DAM',40.7594706200,-86.3609400000,'http://ky.water.usgs.gov/projects/porpoise/Images/IN.LH.Dam.png','Eel River','',0,0,0,0,'geo',6,0,6),('60','','BENTON DAM',41.5035598900,-85.7648785200,'http://ky.water.usgs.gov/projects/porpoise/Images/IN.LH.Dam.png','Elkhart River & Hydraulic Canal','',0,0,0,0,'geo',60,0,60),('61','','BONNEYVILLE MILL DAM',41.7190747300,-85.7652201300,'http://ky.water.usgs.gov/projects/porpoise/Images/IN.LH.Dam.png','Little Elkhart River','',0,0,0,0,'geo',61,0,61),('62','','ELKHART RIVER DAM',41.6849635300,-85.9675986100,'http://ky.water.usgs.gov/projects/porpoise/Images/IN.LH.Dam.png','Elkhart River','',0,0,0,0,'geo',62,0,62),('64','','LITTLE ELKHART RIVER DAM',41.6907220900,-85.7144286100,'http://ky.water.usgs.gov/projects/porpoise/Images/IN.LH.Dam.png','Little Elkhart River','',0,0,0,0,'geo',64,0,64),('65','','PRATT DAM',40.2402415000,-87.2573952300,'http://ky.water.usgs.gov/projects/porpoise/Images/IN.LH.Dam.png','Little Shawnee Creek','',0,0,0,0,'geo',65,0,65),('66','','LAUREL FEEDER DAM',39.4835333500,-85.1922058700,'http://ky.water.usgs.gov/projects/porpoise/Images/IN.LH.Dam.png','Whitewater River','',0,0,0,0,'geo',66,0,66),('7','','DUBOIS-PATOKA RIVER DAM',38.4475143000,-86.8080703700,'http://ky.water.usgs.gov/projects/porpoise/Images/IN.LH.Dam.png','Patoka River','',0,0,0,0,'geo',7,0,7),('71','','OLD MILL DAM/CHARLES MILL DAM',40.5747505500,-85.6601282100,'http://ky.water.usgs.gov/projects/porpoise/Images/IN.LH.Dam.png','Mississinewa River','',0,0,0,0,'geo',71,0,71),('72','','RIVERWOOD POWER DAM, HOLLIDAY HYDROELECTRIC Dam',40.0951829000,-85.9690862500,'http://ky.water.usgs.gov/projects/porpoise/Images/IN.LH.Dam.png','West Fork White River','',0,0,0,0,'geo',72,0,72),('73','','WILLIAMS CREEK DAM',39.9386896400,-86.1664806400,'http://ky.water.usgs.gov/projects/porpoise/Images/IN.LH.Dam.png','Williams Creek','',0,0,0,0,'geo',73,0,73),('74','','CORYDON WATER WORKS DAM #3 (NORTH)',38.2376950600,-86.1097654800,'http://ky.water.usgs.gov/projects/porpoise/Images/IN.LH.Dam.png','Indian Creek','',0,0,0,0,'geo',74,0,74),('75','','CORYDON WATER WORKS IN CHANNEL DAM #2 (MIDDLE)',38.2218801700,-86.1195430300,'http://ky.water.usgs.gov/projects/porpoise/Images/IN.LH.Dam.png','Indian Creek','',0,0,0,0,'geo',75,0,75),('76','','INDIAN CREEK DAM NO. 1',38.2187648700,-86.1259663500,'http://ky.water.usgs.gov/projects/porpoise/Images/IN.LH.Dam.png','Indian Creek','',0,0,0,0,'geo',76,0,76),('78','','KOKOMO CREEK DAM',40.4636351300,-86.1405176500,'http://ky.water.usgs.gov/projects/porpoise/Images/IN.LH.Dam.png','Kokomo Creek','',0,0,0,0,'geo',78,0,78),('79','','KOKOMO PHILLIPS St. DAM',40.4819106600,-86.1448977200,'http://ky.water.usgs.gov/projects/porpoise/Images/IN.LH.Dam.png','Wildcat Creek','',0,0,0,0,'geo',79,0,79),('8','','SNODDY MILL DAM',40.0298695300,-87.3755511400,'http://ky.water.usgs.gov/projects/porpoise/Images/IN.LH.Dam.png','Coal Creek','',0,0,0,0,'geo',8,0,8),('80','','KOKOMO WATERWORKS DAM #3',40.4844950000,-86.1101412800,'http://ky.water.usgs.gov/projects/porpoise/Images/IN.LH.Dam.png','Wildcat Creek','',0,0,0,0,'geo',80,0,80),('81','','WILDCAT CREEK DAM',40.4821690300,-86.1193274800,'http://ky.water.usgs.gov/projects/porpoise/Images/IN.LH.Dam.png','Wildcat Creek','',0,0,0,0,'geo',81,0,81),('82','','BELLEVILLE MILL DAM',40.7217808800,-85.4605894900,'http://ky.water.usgs.gov/projects/porpoise/Images/IN.LH.Dam.png','Salamonie River','',0,0,0,0,'geo',82,0,82),('86','','SALAMONIE RIVER DAM',40.6805276100,-85.4275317500,'http://ky.water.usgs.gov/projects/porpoise/Images/IN.LH.Dam.png','Salamonie River','',0,0,0,0,'geo',86,0,86),('87','','Wabash River Water Plant dam',40.8552330300,-85.4979240100,'http://ky.water.usgs.gov/projects/porpoise/Images/IN.LH.Dam.png','Wabash River','',0,0,0,0,'geo',87,0,87),('88','','SEYMOUR WATER CO. DAM',38.9857662600,-85.8986634900,'http://ky.water.usgs.gov/projects/porpoise/Images/IN.LH.Dam.png','East Fork White River','',0,0,0,0,'geo',88,0,88),('9','','Matthews In-Channel Dam',40.3880616700,-85.4794785500,'http://ky.water.usgs.gov/projects/porpoise/Images/IN.LH.Dam.png','Mississinewa River','',0,0,0,0,'geo',9,0,9),('90','','CAMP CREEK DAM',38.8691222000,-85.5223815000,'http://ky.water.usgs.gov/projects/porpoise/Images/IN.LH.Dam.png','Camp Creek','',0,0,0,0,'geo',90,0,90),('91','','MUSCATATUCK RIVER DAM',39.0510240100,-85.5396181100,'http://ky.water.usgs.gov/projects/porpoise/Images/IN.LH.Dam.png','Vernon Fork Muscatatuck River','',0,0,0,0,'geo',91,0,91),('92','','N. VERNON WATER SUPPLY DAM',39.0112820800,-85.6175406300,'http://ky.water.usgs.gov/projects/porpoise/Images/IN.LH.Dam.png','Vernon Fork Muscatatuck River','',0,0,0,0,'geo',92,0,92),('93','','PROVINCE DAM',39.4757077700,-86.0492351500,'http://ky.water.usgs.gov/projects/porpoise/Images/IN.LH.Dam.png','Hurrican Creek','',0,0,0,0,'geo',93,0,93),('94','','THOMPSON MILL DAM',39.3560535100,-85.9765312100,'http://ky.water.usgs.gov/projects/porpoise/Images/IN.LH.Dam.png','Big Blue River','',0,0,0,0,'geo',94,0,94);
/*!40000 ALTER TABLE `POI` ENABLE KEYS */;
UNLOCK TABLES;

--
-- Table structure for table `POIAction`
--

DROP TABLE IF EXISTS `POIAction`;
/*!40101 SET @saved_cs_client     = @@character_set_client */;
/*!40101 SET character_set_client = utf8 */;
CREATE TABLE `POIAction` (
  `poiID` varchar(255) DEFAULT NULL,
  `label` varchar(30) DEFAULT NULL,
  `uri` varchar(255) DEFAULT NULL,
  `autoTriggerRange` int(10) DEFAULT NULL,
  `autoTriggerOnly` int(1) DEFAULT NULL,
  `id` int(11) NOT NULL DEFAULT '0',
  `contentType` varchar(255) DEFAULT NULL,
  `method` enum('GET','POST') DEFAULT NULL,
  `activityType` int(2) DEFAULT NULL,
  `params` varchar(255) DEFAULT NULL,
  `closeBiw` tinyint(1) DEFAULT NULL,
  `showActivity` tinyint(1) DEFAULT NULL,
  `activityMessage` varchar(255) DEFAULT NULL,
  `autoTrigger` tinyint(1) DEFAULT NULL,
  PRIMARY KEY (`id`)
) ENGINE=InnoDB DEFAULT CHARSET=utf8;
/*!40101 SET character_set_client = @saved_cs_client */;

--
-- Dumping data for table `POIAction`
--

LOCK TABLES `POIAction` WRITE;
/*!40000 ALTER TABLE `POIAction` DISABLE KEYS */;
INSERT INTO `POIAction` VALUES ('2','Get lowhead dam info','http://www.in.gov/dnr/outdoor/9419.htm',5,0,10000,'text/html','GET',1,'lat,lon',0,1,'',0),('3','Get lowhead dam info','http://www.in.gov/dnr/outdoor/9419.htm',5,0,10001,'text/html','GET',1,'lat,lon',0,1,'',0),('4','Get lowhead dam info','http://www.in.gov/dnr/outdoor/9419.htm',5,0,10002,'text/html','GET',1,'lat,lon',0,1,'',0),('5','Get lowhead dam info','http://www.in.gov/dnr/outdoor/9419.htm',5,0,10003,'text/html','GET',1,'lat,lon',0,1,'',0),('6','Get lowhead dam info','http://www.in.gov/dnr/outdoor/9419.htm',5,0,10004,'text/html','GET',1,'lat,lon',0,1,'',0),('7','Get lowhead dam info','http://www.in.gov/dnr/outdoor/9419.htm',5,0,10005,'text/html','GET',1,'lat,lon',0,1,'',0),('8','Get lowhead dam info','http://www.in.gov/dnr/outdoor/9419.htm',5,0,10006,'text/html','GET',1,'lat,lon',0,1,'',0),('9','Get lowhead dam info','http://www.in.gov/dnr/outdoor/9419.htm',5,0,10007,'text/html','GET',1,'lat,lon',0,1,'',0),('10','Get lowhead dam info','http://www.in.gov/dnr/outdoor/9419.htm',5,0,10008,'text/html','GET',1,'lat,lon',0,1,'',0),('11','Get lowhead dam info','http://www.in.gov/dnr/outdoor/9419.htm',5,0,10009,'text/html','GET',1,'lat,lon',0,1,'',0),('12','Get lowhead dam info','http://www.in.gov/dnr/outdoor/9419.htm',5,0,10010,'text/html','GET',1,'lat,lon',0,1,'',0),('13','Get lowhead dam info','http://www.in.gov/dnr/outdoor/9419.htm',5,0,10011,'text/html','GET',1,'lat,lon',0,1,'',0),('14','Get lowhead dam info','http://www.in.gov/dnr/outdoor/9419.htm',5,0,10012,'text/html','GET',1,'lat,lon',0,1,'',0),('15','Get lowhead dam info','http://www.in.gov/dnr/outdoor/9419.htm',5,0,10013,'text/html','GET',1,'lat,lon',0,1,'',0),('16','Get lowhead dam info','http://www.in.gov/dnr/outdoor/9419.htm',5,0,10014,'text/html','GET',1,'lat,lon',0,1,'',0),('17','Get lowhead dam info','http://www.in.gov/dnr/outdoor/9419.htm',5,0,10015,'text/html','GET',1,'lat,lon',0,1,'',0),('18','Get lowhead dam info','http://www.in.gov/dnr/outdoor/9419.htm',5,0,10016,'text/html','GET',1,'lat,lon',0,1,'',0),('19','Get lowhead dam info','http://www.in.gov/dnr/outdoor/9419.htm',5,0,10017,'text/html','GET',1,'lat,lon',0,1,'',0),('20','Get lowhead dam info','http://www.in.gov/dnr/outdoor/9419.htm',5,0,10018,'text/html','GET',1,'lat,lon',0,1,'',0),('21','Get lowhead dam info','http://www.in.gov/dnr/outdoor/9419.htm',5,0,10019,'text/html','GET',1,'lat,lon',0,1,'',0),('24','Get lowhead dam info','http://www.in.gov/dnr/outdoor/9419.htm',5,0,10020,'text/html','GET',1,'lat,lon',0,1,'',0),('25','Get lowhead dam info','http://www.in.gov/dnr/outdoor/9419.htm',5,0,10021,'text/html','GET',1,'lat,lon',0,1,'',0),('27','Get lowhead dam info','http://www.in.gov/dnr/outdoor/9419.htm',5,0,10022,'text/html','GET',1,'lat,lon',0,1,'',0),('28','Get lowhead dam info','http://www.in.gov/dnr/outdoor/9419.htm',5,0,10023,'text/html','GET',1,'lat,lon',0,1,'',0),('29','Get lowhead dam info','http://www.in.gov/dnr/outdoor/9419.htm',5,0,10024,'text/html','GET',1,'lat,lon',0,1,'',0),('30','Get lowhead dam info','http://www.in.gov/dnr/outdoor/9419.htm',5,0,10025,'text/html','GET',1,'lat,lon',0,1,'',0),('31','Get lowhead dam info','http://www.in.gov/dnr/outdoor/9419.htm',5,0,10026,'text/html','GET',1,'lat,lon',0,1,'',0),('32','Get lowhead dam info','http://www.in.gov/dnr/outdoor/9419.htm',5,0,10027,'text/html','GET',1,'lat,lon',0,1,'',0),('33','Get lowhead dam info','http://www.in.gov/dnr/outdoor/9419.htm',5,0,10028,'text/html','GET',1,'lat,lon',0,1,'',0),('34','Get lowhead dam info','http://www.in.gov/dnr/outdoor/9419.htm',5,0,10029,'text/html','GET',1,'lat,lon',0,1,'',0),('35','Get lowhead dam info','http://www.in.gov/dnr/outdoor/9419.htm',5,0,10030,'text/html','GET',1,'lat,lon',0,1,'',0),('36','Get lowhead dam info','http://www.in.gov/dnr/outdoor/9419.htm',5,0,10031,'text/html','GET',1,'lat,lon',0,1,'',0),('37','Get lowhead dam info','http://www.in.gov/dnr/outdoor/9419.htm',5,0,10032,'text/html','GET',1,'lat,lon',0,1,'',0),('38','Get lowhead dam info','http://www.in.gov/dnr/outdoor/9419.htm',5,0,10033,'text/html','GET',1,'lat,lon',0,1,'',0),('39','Get lowhead dam info','http://www.in.gov/dnr/outdoor/9419.htm',5,0,10034,'text/html','GET',1,'lat,lon',0,1,'',0),('40','Get lowhead dam info','http://www.in.gov/dnr/outdoor/9419.htm',5,0,10035,'text/html','GET',1,'lat,lon',0,1,'',0),('41','Get lowhead dam info','http://www.in.gov/dnr/outdoor/9419.htm',5,0,10036,'text/html','GET',1,'lat,lon',0,1,'',0),('42','Get lowhead dam info','http://www.in.gov/dnr/outdoor/9419.htm',5,0,10037,'text/html','GET',1,'lat,lon',0,1,'',0),('43','Get lowhead dam info','http://www.in.gov/dnr/outdoor/9419.htm',5,0,10038,'text/html','GET',1,'lat,lon',0,1,'',0),('44','Get lowhead dam info','http://www.in.gov/dnr/outdoor/9419.htm',5,0,10039,'text/html','GET',1,'lat,lon',0,1,'',0),('45','Get lowhead dam info','http://www.in.gov/dnr/outdoor/9419.htm',5,0,10040,'text/html','GET',1,'lat,lon',0,1,'',0),('46','Get lowhead dam info','http://www.in.gov/dnr/outdoor/9419.htm',5,0,10041,'text/html','GET',1,'lat,lon',0,1,'',0),('50','Get lowhead dam info','http://www.in.gov/dnr/outdoor/9419.htm',5,0,10042,'text/html','GET',1,'lat,lon',0,1,'',0),('51','Get lowhead dam info','http://www.in.gov/dnr/outdoor/9419.htm',5,0,10043,'text/html','GET',1,'lat,lon',0,1,'',0),('52','Get lowhead dam info','http://www.in.gov/dnr/outdoor/9419.htm',5,0,10044,'text/html','GET',1,'lat,lon',0,1,'',0),('53','Get lowhead dam info','http://www.in.gov/dnr/outdoor/9419.htm',5,0,10045,'text/html','GET',1,'lat,lon',0,1,'',0),('54','Get lowhead dam info','http://www.in.gov/dnr/outdoor/9419.htm',5,0,10046,'text/html','GET',1,'lat,lon',0,1,'',0),('55','Get lowhead dam info','http://www.in.gov/dnr/outdoor/9419.htm',5,0,10047,'text/html','GET',1,'lat,lon',0,1,'',0),('56','Get lowhead dam info','http://www.in.gov/dnr/outdoor/9419.htm',5,0,10048,'text/html','GET',1,'lat,lon',0,1,'',0),('58','Get lowhead dam info','http://www.in.gov/dnr/outdoor/9419.htm',5,0,10049,'text/html','GET',1,'lat,lon',0,1,'',0),('59','Get lowhead dam info','http://www.in.gov/dnr/outdoor/9419.htm',5,0,10050,'text/html','GET',1,'lat,lon',0,1,'',0),('60','Get lowhead dam info','http://www.in.gov/dnr/outdoor/9419.htm',5,0,10051,'text/html','GET',1,'lat,lon',0,1,'',0),('61','Get lowhead dam info','http://www.in.gov/dnr/outdoor/9419.htm',5,0,10052,'text/html','GET',1,'lat,lon',0,1,'',0),('62','Get lowhead dam info','http://www.in.gov/dnr/outdoor/9419.htm',5,0,10053,'text/html','GET',1,'lat,lon',0,1,'',0),('64','Get lowhead dam info','http://www.in.gov/dnr/outdoor/9419.htm',5,0,10054,'text/html','GET',1,'lat,lon',0,1,'',0),('65','Get lowhead dam info','http://www.in.gov/dnr/outdoor/9419.htm',5,0,10055,'text/html','GET',1,'lat,lon',0,1,'',0),('66','Get lowhead dam info','http://www.in.gov/dnr/outdoor/9419.htm',5,0,10056,'text/html','GET',1,'lat,lon',0,1,'',0),('71','Get lowhead dam info','http://www.in.gov/dnr/outdoor/9419.htm',5,0,10057,'text/html','GET',1,'lat,lon',0,1,'',0),('72','Get lowhead dam info','http://www.in.gov/dnr/outdoor/9419.htm',5,0,10058,'text/html','GET',1,'lat,lon',0,1,'',0),('73','Get lowhead dam info','http://www.in.gov/dnr/outdoor/9419.htm',5,0,10059,'text/html','GET',1,'lat,lon',0,1,'',0),('74','Get lowhead dam info','http://www.in.gov/dnr/outdoor/9419.htm',5,0,10060,'text/html','GET',1,'lat,lon',0,1,'',0),('75','Get lowhead dam info','http://www.in.gov/dnr/outdoor/9419.htm',5,0,10061,'text/html','GET',1,'lat,lon',0,1,'',0),('76','Get lowhead dam info','http://www.in.gov/dnr/outdoor/9419.htm',5,0,10062,'text/html','GET',1,'lat,lon',0,1,'',0),('78','Get lowhead dam info','http://www.in.gov/dnr/outdoor/9419.htm',5,0,10063,'text/html','GET',1,'lat,lon',0,1,'',0),('79','Get lowhead dam info','http://www.in.gov/dnr/outdoor/9419.htm',5,0,10064,'text/html','GET',1,'lat,lon',0,1,'',0),('80','Get lowhead dam info','http://www.in.gov/dnr/outdoor/9419.htm',5,0,10065,'text/html','GET',1,'lat,lon',0,1,'',0),('81','Get lowhead dam info','http://www.in.gov/dnr/outdoor/9419.htm',5,0,10066,'text/html','GET',1,'lat,lon',0,1,'',0),('82','Get lowhead dam info','http://www.in.gov/dnr/outdoor/9419.htm',5,0,10067,'text/html','GET',1,'lat,lon',0,1,'',0),('86','Get lowhead dam info','http://www.in.gov/dnr/outdoor/9419.htm',5,0,10068,'text/html','GET',1,'lat,lon',0,1,'',0),('87','Get lowhead dam info','http://www.in.gov/dnr/outdoor/9419.htm',5,0,10069,'text/html','GET',1,'lat,lon',0,1,'',0),('88','Get lowhead dam info','http://www.in.gov/dnr/outdoor/9419.htm',5,0,10070,'text/html','GET',1,'lat,lon',0,1,'',0),('90','Get lowhead dam info','http://www.in.gov/dnr/outdoor/9419.htm',5,0,10071,'text/html','GET',1,'lat,lon',0,1,'',0),('91','Get lowhead dam info','http://www.in.gov/dnr/outdoor/9419.htm',5,0,10072,'text/html','GET',1,'lat,lon',0,1,'',0),('92','Get lowhead dam info','http://www.in.gov/dnr/outdoor/9419.htm',5,0,10073,'text/html','GET',1,'lat,lon',0,1,'',0),('93','Get lowhead dam info','http://www.in.gov/dnr/outdoor/9419.htm',5,0,10074,'text/html','GET',1,'lat,lon',0,1,'',0),('94','Get lowhead dam info','http://www.in.gov/dnr/outdoor/9419.htm',5,0,10075,'text/html','GET',1,'lat,lon',0,1,'',0),('116','Get lowhead dam info','http://www.in.gov/dnr/outdoor/9419.htm',5,0,10076,'text/html','GET',1,'lat,lon',0,1,'',0),('126','Get lowhead dam info','http://www.in.gov/dnr/outdoor/9419.htm',5,0,10077,'text/html','GET',1,'lat,lon',0,1,'',0),('130','Get lowhead dam info','http://www.in.gov/dnr/outdoor/9419.htm',5,0,10078,'text/html','GET',1,'lat,lon',0,1,'',0),('132','Get lowhead dam info','http://www.in.gov/dnr/outdoor/9419.htm',5,0,10079,'text/html','GET',1,'lat,lon',0,1,'',0),('134','Get lowhead dam info','http://www.in.gov/dnr/outdoor/9419.htm',5,0,10080,'text/html','GET',1,'lat,lon',0,1,'',0),('137','Get lowhead dam info','http://www.in.gov/dnr/outdoor/9419.htm',5,0,10081,'text/html','GET',1,'lat,lon',0,1,'',0),('143','Get lowhead dam info','http://www.in.gov/dnr/outdoor/9419.htm',5,0,10082,'text/html','GET',1,'lat,lon',0,1,'',0),('144','Get lowhead dam info','http://www.in.gov/dnr/outdoor/9419.htm',5,0,10083,'text/html','GET',1,'lat,lon',0,1,'',0),('152','Get lowhead dam info','http://www.in.gov/dnr/outdoor/9419.htm',5,0,10084,'text/html','GET',1,'lat,lon',0,1,'',0),('153','Get lowhead dam info','http://www.in.gov/dnr/outdoor/9419.htm',5,0,10085,'text/html','GET',1,'lat,lon',0,1,'',0),('155','Get lowhead dam info','http://www.in.gov/dnr/outdoor/9419.htm',5,0,10086,'text/html','GET',1,'lat,lon',0,1,'',0),('157','Get lowhead dam info','http://www.in.gov/dnr/outdoor/9419.htm',5,0,10087,'text/html','GET',1,'lat,lon',0,1,'',0),('158','Get lowhead dam info','http://www.in.gov/dnr/outdoor/9419.htm',5,0,10088,'text/html','GET',1,'lat,lon',0,1,'',0),('159','Get lowhead dam info','http://www.in.gov/dnr/outdoor/9419.htm',5,0,10089,'text/html','GET',1,'lat,lon',0,1,'',0),('160','Get lowhead dam info','http://www.in.gov/dnr/outdoor/9419.htm',5,0,10090,'text/html','GET',1,'lat,lon',0,1,'',0),('163','Get lowhead dam info','http://www.in.gov/dnr/outdoor/9419.htm',5,0,10091,'text/html','GET',1,'lat,lon',0,1,'',0),('165','Get lowhead dam info','http://www.in.gov/dnr/outdoor/9419.htm',5,0,10092,'text/html','GET',1,'lat,lon',0,1,'',0),('166','Get lowhead dam info','http://www.in.gov/dnr/outdoor/9419.htm',5,0,10093,'text/html','GET',1,'lat,lon',0,1,'',0),('167','Get lowhead dam info','http://www.in.gov/dnr/outdoor/9419.htm',5,0,10094,'text/html','GET',1,'lat,lon',0,1,'',0),('168','Get lowhead dam info','http://www.in.gov/dnr/outdoor/9419.htm',5,0,10095,'text/html','GET',1,'lat,lon',0,1,'',0),('169','Get lowhead dam info','http://www.in.gov/dnr/outdoor/9419.htm',5,0,10096,'text/html','GET',1,'lat,lon',0,1,'',0),('174','Get lowhead dam info','http://www.in.gov/dnr/outdoor/9419.htm',5,0,10097,'text/html','GET',1,'lat,lon',0,1,'',0),('178','Get lowhead dam info','http://www.in.gov/dnr/outdoor/9419.htm',5,0,10098,'text/html','GET',1,'lat,lon',0,1,'',0),('179','Get lowhead dam info','http://www.in.gov/dnr/outdoor/9419.htm',5,0,10099,'text/html','GET',1,'lat,lon',0,1,'',0),('181','Get lowhead dam info','http://www.in.gov/dnr/outdoor/9419.htm',5,0,10100,'text/html','GET',1,'lat,lon',0,1,'',0),('182','Get lowhead dam info','http://www.in.gov/dnr/outdoor/9419.htm',5,0,10101,'text/html','GET',1,'lat,lon',0,1,'',0),('189','Get lowhead dam info','http://www.in.gov/dnr/outdoor/9419.htm',5,0,10102,'text/html','GET',1,'lat,lon',0,1,'',0),('190','Get lowhead dam info','http://www.in.gov/dnr/outdoor/9419.htm',5,0,10103,'text/html','GET',1,'lat,lon',0,1,'',0),('191','Get lowhead dam info','http://www.in.gov/dnr/outdoor/9419.htm',5,0,10104,'text/html','GET',1,'lat,lon',0,1,'',0),('192','Get lowhead dam info','http://www.in.gov/dnr/outdoor/9419.htm',5,0,10105,'text/html','GET',1,'lat,lon',0,1,'',0),('193','Get lowhead dam info','http://www.in.gov/dnr/outdoor/9419.htm',5,0,10106,'text/html','GET',1,'lat,lon',0,1,'',0),('195','Get lowhead dam info','http://www.in.gov/dnr/outdoor/9419.htm',5,0,10107,'text/html','GET',1,'lat,lon',0,1,'',0),('196','Get lowhead dam info','http://www.in.gov/dnr/outdoor/9419.htm',5,0,10108,'text/html','GET',1,'lat,lon',0,1,'',0),('197','Get lowhead dam info','http://www.in.gov/dnr/outdoor/9419.htm',5,0,10109,'text/html','GET',1,'lat,lon',0,1,'',0),('198','Get lowhead dam info','http://www.in.gov/dnr/outdoor/9419.htm',5,0,10110,'text/html','GET',1,'lat,lon',0,1,'',0),('199','Get lowhead dam info','http://www.in.gov/dnr/outdoor/9419.htm',5,0,10111,'text/html','GET',1,'lat,lon',0,1,'',0),('200','Get lowhead dam info','http://www.in.gov/dnr/outdoor/9419.htm',5,0,10112,'text/html','GET',1,'lat,lon',0,1,'',0),('201','Get lowhead dam info','http://www.in.gov/dnr/outdoor/9419.htm',5,0,10113,'text/html','GET',1,'lat,lon',0,1,'',0),('202','Get lowhead dam info','http://www.in.gov/dnr/outdoor/9419.htm',5,0,10114,'text/html','GET',1,'lat,lon',0,1,'',0),('203','Get lowhead dam info','http://www.in.gov/dnr/outdoor/9419.htm',5,0,10115,'text/html','GET',1,'lat,lon',0,1,'',0),('204','Get lowhead dam info','http://www.in.gov/dnr/outdoor/9419.htm',5,0,10116,'text/html','GET',1,'lat,lon',0,1,'',0),('205','Get lowhead dam info','http://www.in.gov/dnr/outdoor/9419.htm',5,0,10117,'text/html','GET',1,'lat,lon',0,1,'',0),('209','Get lowhead dam info','http://www.in.gov/dnr/outdoor/9419.htm',5,0,10118,'text/html','GET',1,'lat,lon',0,1,'',0),('210','Get lowhead dam info','http://www.in.gov/dnr/outdoor/9419.htm',5,0,10119,'text/html','GET',1,'lat,lon',0,1,'',0),('211','Get lowhead dam info','http://www.in.gov/dnr/outdoor/9419.htm',5,0,10120,'text/html','GET',1,'lat,lon',0,1,'',0),('212','Get lowhead dam info','http://www.in.gov/dnr/outdoor/9419.htm',5,0,10121,'text/html','GET',1,'lat,lon',0,1,'',0),('213','Get lowhead dam info','http://www.in.gov/dnr/outdoor/9419.htm',5,0,10122,'text/html','GET',1,'lat,lon',0,1,'',0),('214','Get lowhead dam info','http://www.in.gov/dnr/outdoor/9419.htm',5,0,10123,'text/html','GET',1,'lat,lon',0,1,'',0),('215','Get lowhead dam info','http://www.in.gov/dnr/outdoor/9419.htm',5,0,10124,'text/html','GET',1,'lat,lon',0,1,'',0),('216','Get lowhead dam info','http://www.in.gov/dnr/outdoor/9419.htm',5,0,10125,'text/html','GET',1,'lat,lon',0,1,'',0),('217','Get lowhead dam info','http://www.in.gov/dnr/outdoor/9419.htm',5,0,10126,'text/html','GET',1,'lat,lon',0,1,'',0),('218','Get lowhead dam info','http://www.in.gov/dnr/outdoor/9419.htm',5,0,10127,'text/html','GET',1,'lat,lon',0,1,'',0),('219','Get lowhead dam info','http://www.in.gov/dnr/outdoor/9419.htm',5,0,10128,'text/html','GET',1,'lat,lon',0,1,'',0),('220','Get lowhead dam info','http://www.in.gov/dnr/outdoor/9419.htm',5,0,10129,'text/html','GET',1,'lat,lon',0,1,'',0),('221','Get lowhead dam info','http://www.in.gov/dnr/outdoor/9419.htm',5,0,10130,'text/html','GET',1,'lat,lon',0,1,'',0),('222','Get lowhead dam info','http://www.in.gov/dnr/outdoor/9419.htm',5,0,10131,'text/html','GET',1,'lat,lon',0,1,'',0),('223','Get lowhead dam info','http://www.in.gov/dnr/outdoor/9419.htm',5,0,10132,'text/html','GET',1,'lat,lon',0,1,'',0),('224','Get lowhead dam info','http://www.in.gov/dnr/outdoor/9419.htm',5,0,10133,'text/html','GET',1,'lat,lon',0,1,'',0),('225','Get lowhead dam info','http://www.in.gov/dnr/outdoor/9419.htm',5,0,10134,'text/html','GET',1,'lat,lon',0,1,'',0),('226','Get lowhead dam info','http://www.in.gov/dnr/outdoor/9419.htm',5,0,10135,'text/html','GET',1,'lat,lon',0,1,'',0),('231','Get lowhead dam info','http://www.in.gov/dnr/outdoor/9419.htm',5,0,10136,'text/html','GET',1,'lat,lon',0,1,'',0),('233','Get lowhead dam info','http://www.in.gov/dnr/outdoor/9419.htm',5,0,10137,'text/html','GET',1,'lat,lon',0,1,'',0),('234','Get lowhead dam info','http://www.in.gov/dnr/outdoor/9419.htm',5,0,10138,'text/html','GET',1,'lat,lon',0,1,'',0),('235','Get lowhead dam info','http://www.in.gov/dnr/outdoor/9419.htm',5,0,10139,'text/html','GET',1,'lat,lon',0,1,'',0),('236','Get lowhead dam info','http://www.in.gov/dnr/outdoor/9419.htm',5,0,10140,'text/html','GET',1,'lat,lon',0,1,'',0),('237','Get lowhead dam info','http://www.in.gov/dnr/outdoor/9419.htm',5,0,10141,'text/html','GET',1,'lat,lon',0,1,'',0),('240','Get lowhead dam info','http://www.in.gov/dnr/outdoor/9419.htm',5,0,10142,'text/html','GET',1,'lat,lon',0,1,'',0),('242','Get lowhead dam info','http://www.in.gov/dnr/outdoor/9419.htm',5,0,10143,'text/html','GET',1,'lat,lon',0,1,'',0),('243','Get lowhead dam info','http://www.in.gov/dnr/outdoor/9419.htm',5,0,10144,'text/html','GET',1,'lat,lon',0,1,'',0),('244','Get lowhead dam info','http://www.in.gov/dnr/outdoor/9419.htm',5,0,10145,'text/html','GET',1,'lat,lon',0,1,'',0),('245','Get lowhead dam info','http://www.in.gov/dnr/outdoor/9419.htm',5,0,10146,'text/html','GET',1,'lat,lon',0,1,'',0),('246','Get lowhead dam info','http://www.in.gov/dnr/outdoor/9419.htm',5,0,10147,'text/html','GET',1,'lat,lon',0,1,'',0),('247','Get lowhead dam info','http://www.in.gov/dnr/outdoor/9419.htm',5,0,10148,'text/html','GET',1,'lat,lon',0,1,'',0),('248','Get lowhead dam info','http://www.in.gov/dnr/outdoor/9419.htm',5,0,10149,'text/html','GET',1,'lat,lon',0,1,'',0),('250','Get lowhead dam info','http://www.in.gov/dnr/outdoor/9419.htm',5,0,10150,'text/html','GET',1,'lat,lon',0,1,'',0),('251','Get lowhead dam info','http://www.in.gov/dnr/outdoor/9419.htm',5,0,10151,'text/html','GET',1,'lat,lon',0,1,'',0),('253','Get lowhead dam info','http://www.in.gov/dnr/outdoor/9419.htm',5,0,10152,'text/html','GET',1,'lat,lon',0,1,'',0),('258','Get lowhead dam info','http://www.in.gov/dnr/outdoor/9419.htm',5,0,10153,'text/html','GET',1,'lat,lon',0,1,'',0),('261','Get lowhead dam info','http://www.in.gov/dnr/outdoor/9419.htm',5,0,10154,'text/html','GET',1,'lat,lon',0,1,'',0),('262','Get lowhead dam info','http://www.in.gov/dnr/outdoor/9419.htm',5,0,10155,'text/html','GET',1,'lat,lon',0,1,'',0),('2','Proximity Warning!','http://ky.water.usgs.gov/projects/porpoise/Sounds/alarm.mp3',500,0,20000,'audio/mpeg','GET',2,'lat,lon',0,1,'',0),('3','Proximity Warning!','http://ky.water.usgs.gov/projects/porpoise/Sounds/alarm.mp3',500,0,20001,'audio/mpeg','GET',2,'lat,lon',0,1,'',0),('4','Proximity Warning!','http://ky.water.usgs.gov/projects/porpoise/Sounds/alarm.mp3',500,0,20002,'audio/mpeg','GET',2,'lat,lon',0,1,'',0),('5','Proximity Warning!','http://ky.water.usgs.gov/projects/porpoise/Sounds/alarm.mp3',500,0,20003,'audio/mpeg','GET',2,'lat,lon',0,1,'',0),('6','Proximity Warning!','http://ky.water.usgs.gov/projects/porpoise/Sounds/alarm.mp3',500,0,20004,'audio/mpeg','GET',2,'lat,lon',0,1,'',0),('7','Proximity Warning!','http://ky.water.usgs.gov/projects/porpoise/Sounds/alarm.mp3',500,0,20005,'audio/mpeg','GET',2,'lat,lon',0,1,'',0),('8','Proximity Warning!','http://ky.water.usgs.gov/projects/porpoise/Sounds/alarm.mp3',500,0,20006,'audio/mpeg','GET',2,'lat,lon',0,1,'',0),('9','Proximity Warning!','http://ky.water.usgs.gov/projects/porpoise/Sounds/alarm.mp3',500,0,20007,'audio/mpeg','GET',2,'lat,lon',0,1,'',0),('10','Proximity Warning!','http://ky.water.usgs.gov/projects/porpoise/Sounds/alarm.mp3',500,0,20008,'audio/mpeg','GET',2,'lat,lon',0,1,'',0),('11','Proximity Warning!','http://ky.water.usgs.gov/projects/porpoise/Sounds/alarm.mp3',500,0,20009,'audio/mpeg','GET',2,'lat,lon',0,1,'',0),('12','Proximity Warning!','http://ky.water.usgs.gov/projects/porpoise/Sounds/alarm.mp3',500,0,20010,'audio/mpeg','GET',2,'lat,lon',0,1,'',0),('13','Proximity Warning!','http://ky.water.usgs.gov/projects/porpoise/Sounds/alarm.mp3',500,0,20011,'audio/mpeg','GET',2,'lat,lon',0,1,'',0),('14','Proximity Warning!','http://ky.water.usgs.gov/projects/porpoise/Sounds/alarm.mp3',500,0,20012,'audio/mpeg','GET',2,'lat,lon',0,1,'',0),('15','Proximity Warning!','http://ky.water.usgs.gov/projects/porpoise/Sounds/alarm.mp3',500,0,20013,'audio/mpeg','GET',2,'lat,lon',0,1,'',0),('16','Proximity Warning!','http://ky.water.usgs.gov/projects/porpoise/Sounds/alarm.mp3',500,0,20014,'audio/mpeg','GET',2,'lat,lon',0,1,'',0),('17','Proximity Warning!','http://ky.water.usgs.gov/projects/porpoise/Sounds/alarm.mp3',500,0,20015,'audio/mpeg','GET',2,'lat,lon',0,1,'',0),('18','Proximity Warning!','http://ky.water.usgs.gov/projects/porpoise/Sounds/alarm.mp3',500,0,20016,'audio/mpeg','GET',2,'lat,lon',0,1,'',0),('19','Proximity Warning!','http://ky.water.usgs.gov/projects/porpoise/Sounds/alarm.mp3',500,0,20017,'audio/mpeg','GET',2,'lat,lon',0,1,'',0),('20','Proximity Warning!','http://ky.water.usgs.gov/projects/porpoise/Sounds/alarm.mp3',500,0,20018,'audio/mpeg','GET',2,'lat,lon',0,1,'',0),('21','Proximity Warning!','http://ky.water.usgs.gov/projects/porpoise/Sounds/alarm.mp3',500,0,20019,'audio/mpeg','GET',2,'lat,lon',0,1,'',0),('24','Proximity Warning!','http://ky.water.usgs.gov/projects/porpoise/Sounds/alarm.mp3',500,0,20020,'audio/mpeg','GET',2,'lat,lon',0,1,'',0),('25','Proximity Warning!','http://ky.water.usgs.gov/projects/porpoise/Sounds/alarm.mp3',500,0,20021,'audio/mpeg','GET',2,'lat,lon',0,1,'',0),('27','Proximity Warning!','http://ky.water.usgs.gov/projects/porpoise/Sounds/alarm.mp3',500,0,20022,'audio/mpeg','GET',2,'lat,lon',0,1,'',0),('28','Proximity Warning!','http://ky.water.usgs.gov/projects/porpoise/Sounds/alarm.mp3',500,0,20023,'audio/mpeg','GET',2,'lat,lon',0,1,'',0),('29','Proximity Warning!','http://ky.water.usgs.gov/projects/porpoise/Sounds/alarm.mp3',500,0,20024,'audio/mpeg','GET',2,'lat,lon',0,1,'',0),('30','Proximity Warning!','http://ky.water.usgs.gov/projects/porpoise/Sounds/alarm.mp3',500,0,20025,'audio/mpeg','GET',2,'lat,lon',0,1,'',0),('31','Proximity Warning!','http://ky.water.usgs.gov/projects/porpoise/Sounds/alarm.mp3',500,0,20026,'audio/mpeg','GET',2,'lat,lon',0,1,'',0),('32','Proximity Warning!','http://ky.water.usgs.gov/projects/porpoise/Sounds/alarm.mp3',500,0,20027,'audio/mpeg','GET',2,'lat,lon',0,1,'',0),('33','Proximity Warning!','http://ky.water.usgs.gov/projects/porpoise/Sounds/alarm.mp3',500,0,20028,'audio/mpeg','GET',2,'lat,lon',0,1,'',0),('34','Proximity Warning!','http://ky.water.usgs.gov/projects/porpoise/Sounds/alarm.mp3',500,0,20029,'audio/mpeg','GET',2,'lat,lon',0,1,'',0),('35','Proximity Warning!','http://ky.water.usgs.gov/projects/porpoise/Sounds/alarm.mp3',500,0,20030,'audio/mpeg','GET',2,'lat,lon',0,1,'',0),('36','Proximity Warning!','http://ky.water.usgs.gov/projects/porpoise/Sounds/alarm.mp3',500,0,20031,'audio/mpeg','GET',2,'lat,lon',0,1,'',0),('37','Proximity Warning!','http://ky.water.usgs.gov/projects/porpoise/Sounds/alarm.mp3',500,0,20032,'audio/mpeg','GET',2,'lat,lon',0,1,'',0),('38','Proximity Warning!','http://ky.water.usgs.gov/projects/porpoise/Sounds/alarm.mp3',500,0,20033,'audio/mpeg','GET',2,'lat,lon',0,1,'',0),('39','Proximity Warning!','http://ky.water.usgs.gov/projects/porpoise/Sounds/alarm.mp3',500,0,20034,'audio/mpeg','GET',2,'lat,lon',0,1,'',0),('40','Proximity Warning!','http://ky.water.usgs.gov/projects/porpoise/Sounds/alarm.mp3',500,0,20035,'audio/mpeg','GET',2,'lat,lon',0,1,'',0),('41','Proximity Warning!','http://ky.water.usgs.gov/projects/porpoise/Sounds/alarm.mp3',500,0,20036,'audio/mpeg','GET',2,'lat,lon',0,1,'',0),('42','Proximity Warning!','http://ky.water.usgs.gov/projects/porpoise/Sounds/alarm.mp3',500,0,20037,'audio/mpeg','GET',2,'lat,lon',0,1,'',0),('43','Proximity Warning!','http://ky.water.usgs.gov/projects/porpoise/Sounds/alarm.mp3',500,0,20038,'audio/mpeg','GET',2,'lat,lon',0,1,'',0),('44','Proximity Warning!','http://ky.water.usgs.gov/projects/porpoise/Sounds/alarm.mp3',500,0,20039,'audio/mpeg','GET',2,'lat,lon',0,1,'',0),('45','Proximity Warning!','http://ky.water.usgs.gov/projects/porpoise/Sounds/alarm.mp3',500,0,20040,'audio/mpeg','GET',2,'lat,lon',0,1,'',0),('46','Proximity Warning!','http://ky.water.usgs.gov/projects/porpoise/Sounds/alarm.mp3',500,0,20041,'audio/mpeg','GET',2,'lat,lon',0,1,'',0),('50','Proximity Warning!','http://ky.water.usgs.gov/projects/porpoise/Sounds/alarm.mp3',500,0,20042,'audio/mpeg','GET',2,'lat,lon',0,1,'',0),('51','Proximity Warning!','http://ky.water.usgs.gov/projects/porpoise/Sounds/alarm.mp3',500,0,20043,'audio/mpeg','GET',2,'lat,lon',0,1,'',0),('52','Proximity Warning!','http://ky.water.usgs.gov/projects/porpoise/Sounds/alarm.mp3',500,0,20044,'audio/mpeg','GET',2,'lat,lon',0,1,'',0),('53','Proximity Warning!','http://ky.water.usgs.gov/projects/porpoise/Sounds/alarm.mp3',500,0,20045,'audio/mpeg','GET',2,'lat,lon',0,1,'',0),('54','Proximity Warning!','http://ky.water.usgs.gov/projects/porpoise/Sounds/alarm.mp3',500,0,20046,'audio/mpeg','GET',2,'lat,lon',0,1,'',0),('55','Proximity Warning!','http://ky.water.usgs.gov/projects/porpoise/Sounds/alarm.mp3',500,0,20047,'audio/mpeg','GET',2,'lat,lon',0,1,'',0),('56','Proximity Warning!','http://ky.water.usgs.gov/projects/porpoise/Sounds/alarm.mp3',500,0,20048,'audio/mpeg','GET',2,'lat,lon',0,1,'',0),('58','Proximity Warning!','http://ky.water.usgs.gov/projects/porpoise/Sounds/alarm.mp3',500,0,20049,'audio/mpeg','GET',2,'lat,lon',0,1,'',0),('59','Proximity Warning!','http://ky.water.usgs.gov/projects/porpoise/Sounds/alarm.mp3',500,0,20050,'audio/mpeg','GET',2,'lat,lon',0,1,'',0),('60','Proximity Warning!','http://ky.water.usgs.gov/projects/porpoise/Sounds/alarm.mp3',500,0,20051,'audio/mpeg','GET',2,'lat,lon',0,1,'',0),('61','Proximity Warning!','http://ky.water.usgs.gov/projects/porpoise/Sounds/alarm.mp3',500,0,20052,'audio/mpeg','GET',2,'lat,lon',0,1,'',0),('62','Proximity Warning!','http://ky.water.usgs.gov/projects/porpoise/Sounds/alarm.mp3',500,0,20053,'audio/mpeg','GET',2,'lat,lon',0,1,'',0),('64','Proximity Warning!','http://ky.water.usgs.gov/projects/porpoise/Sounds/alarm.mp3',500,0,20054,'audio/mpeg','GET',2,'lat,lon',0,1,'',0),('65','Proximity Warning!','http://ky.water.usgs.gov/projects/porpoise/Sounds/alarm.mp3',500,0,20055,'audio/mpeg','GET',2,'lat,lon',0,1,'',0),('66','Proximity Warning!','http://ky.water.usgs.gov/projects/porpoise/Sounds/alarm.mp3',500,0,20056,'audio/mpeg','GET',2,'lat,lon',0,1,'',0),('71','Proximity Warning!','http://ky.water.usgs.gov/projects/porpoise/Sounds/alarm.mp3',500,0,20057,'audio/mpeg','GET',2,'lat,lon',0,1,'',0),('72','Proximity Warning!','http://ky.water.usgs.gov/projects/porpoise/Sounds/alarm.mp3',500,0,20058,'audio/mpeg','GET',2,'lat,lon',0,1,'',0),('73','Proximity Warning!','http://ky.water.usgs.gov/projects/porpoise/Sounds/alarm.mp3',500,0,20059,'audio/mpeg','GET',2,'lat,lon',0,1,'',0),('74','Proximity Warning!','http://ky.water.usgs.gov/projects/porpoise/Sounds/alarm.mp3',500,0,20060,'audio/mpeg','GET',2,'lat,lon',0,1,'',0),('75','Proximity Warning!','http://ky.water.usgs.gov/projects/porpoise/Sounds/alarm.mp3',500,0,20061,'audio/mpeg','GET',2,'lat,lon',0,1,'',0),('76','Proximity Warning!','http://ky.water.usgs.gov/projects/porpoise/Sounds/alarm.mp3',500,0,20062,'audio/mpeg','GET',2,'lat,lon',0,1,'',0),('78','Proximity Warning!','http://ky.water.usgs.gov/projects/porpoise/Sounds/alarm.mp3',500,0,20063,'audio/mpeg','GET',2,'lat,lon',0,1,'',0),('79','Proximity Warning!','http://ky.water.usgs.gov/projects/porpoise/Sounds/alarm.mp3',500,0,20064,'audio/mpeg','GET',2,'lat,lon',0,1,'',0),('80','Proximity Warning!','http://ky.water.usgs.gov/projects/porpoise/Sounds/alarm.mp3',500,0,20065,'audio/mpeg','GET',2,'lat,lon',0,1,'',0),('81','Proximity Warning!','http://ky.water.usgs.gov/projects/porpoise/Sounds/alarm.mp3',500,0,20066,'audio/mpeg','GET',2,'lat,lon',0,1,'',0),('82','Proximity Warning!','http://ky.water.usgs.gov/projects/porpoise/Sounds/alarm.mp3',500,0,20067,'audio/mpeg','GET',2,'lat,lon',0,1,'',0),('86','Proximity Warning!','http://ky.water.usgs.gov/projects/porpoise/Sounds/alarm.mp3',500,0,20068,'audio/mpeg','GET',2,'lat,lon',0,1,'',0),('87','Proximity Warning!','http://ky.water.usgs.gov/projects/porpoise/Sounds/alarm.mp3',500,0,20069,'audio/mpeg','GET',2,'lat,lon',0,1,'',0),('88','Proximity Warning!','http://ky.water.usgs.gov/projects/porpoise/Sounds/alarm.mp3',500,0,20070,'audio/mpeg','GET',2,'lat,lon',0,1,'',0),('90','Proximity Warning!','http://ky.water.usgs.gov/projects/porpoise/Sounds/alarm.mp3',500,0,20071,'audio/mpeg','GET',2,'lat,lon',0,1,'',0),('91','Proximity Warning!','http://ky.water.usgs.gov/projects/porpoise/Sounds/alarm.mp3',500,0,20072,'audio/mpeg','GET',2,'lat,lon',0,1,'',0),('92','Proximity Warning!','http://ky.water.usgs.gov/projects/porpoise/Sounds/alarm.mp3',500,0,20073,'audio/mpeg','GET',2,'lat,lon',0,1,'',0),('93','Proximity Warning!','http://ky.water.usgs.gov/projects/porpoise/Sounds/alarm.mp3',500,0,20074,'audio/mpeg','GET',2,'lat,lon',0,1,'',0),('94','Proximity Warning!','http://ky.water.usgs.gov/projects/porpoise/Sounds/alarm.mp3',500,0,20075,'audio/mpeg','GET',2,'lat,lon',0,1,'',0),('116','Proximity Warning!','http://ky.water.usgs.gov/projects/porpoise/Sounds/alarm.mp3',500,0,20076,'audio/mpeg','GET',2,'lat,lon',0,1,'',0),('126','Proximity Warning!','http://ky.water.usgs.gov/projects/porpoise/Sounds/alarm.mp3',500,0,20077,'audio/mpeg','GET',2,'lat,lon',0,1,'',0),('130','Proximity Warning!','http://ky.water.usgs.gov/projects/porpoise/Sounds/alarm.mp3',500,0,20078,'audio/mpeg','GET',2,'lat,lon',0,1,'',0),('132','Proximity Warning!','http://ky.water.usgs.gov/projects/porpoise/Sounds/alarm.mp3',500,0,20079,'audio/mpeg','GET',2,'lat,lon',0,1,'',0),('134','Proximity Warning!','http://ky.water.usgs.gov/projects/porpoise/Sounds/alarm.mp3',500,0,20080,'audio/mpeg','GET',2,'lat,lon',0,1,'',0),('137','Proximity Warning!','http://ky.water.usgs.gov/projects/porpoise/Sounds/alarm.mp3',500,0,20081,'audio/mpeg','GET',2,'lat,lon',0,1,'',0),('143','Proximity Warning!','http://ky.water.usgs.gov/projects/porpoise/Sounds/alarm.mp3',500,0,20082,'audio/mpeg','GET',2,'lat,lon',0,1,'',0),('144','Proximity Warning!','http://ky.water.usgs.gov/projects/porpoise/Sounds/alarm.mp3',500,0,20083,'audio/mpeg','GET',2,'lat,lon',0,1,'',0),('152','Proximity Warning!','http://ky.water.usgs.gov/projects/porpoise/Sounds/alarm.mp3',500,0,20084,'audio/mpeg','GET',2,'lat,lon',0,1,'',0),('153','Proximity Warning!','http://ky.water.usgs.gov/projects/porpoise/Sounds/alarm.mp3',500,0,20085,'audio/mpeg','GET',2,'lat,lon',0,1,'',0),('155','Proximity Warning!','http://ky.water.usgs.gov/projects/porpoise/Sounds/alarm.mp3',500,0,20086,'audio/mpeg','GET',2,'lat,lon',0,1,'',0),('157','Proximity Warning!','http://ky.water.usgs.gov/projects/porpoise/Sounds/alarm.mp3',500,0,20087,'audio/mpeg','GET',2,'lat,lon',0,1,'',0),('158','Proximity Warning!','http://ky.water.usgs.gov/projects/porpoise/Sounds/alarm.mp3',500,0,20088,'audio/mpeg','GET',2,'lat,lon',0,1,'',0),('159','Proximity Warning!','http://ky.water.usgs.gov/projects/porpoise/Sounds/alarm.mp3',500,0,20089,'audio/mpeg','GET',2,'lat,lon',0,1,'',0),('160','Proximity Warning!','http://ky.water.usgs.gov/projects/porpoise/Sounds/alarm.mp3',500,0,20090,'audio/mpeg','GET',2,'lat,lon',0,1,'',0),('163','Proximity Warning!','http://ky.water.usgs.gov/projects/porpoise/Sounds/alarm.mp3',500,0,20091,'audio/mpeg','GET',2,'lat,lon',0,1,'',0),('165','Proximity Warning!','http://ky.water.usgs.gov/projects/porpoise/Sounds/alarm.mp3',500,0,20092,'audio/mpeg','GET',2,'lat,lon',0,1,'',0),('166','Proximity Warning!','http://ky.water.usgs.gov/projects/porpoise/Sounds/alarm.mp3',500,0,20093,'audio/mpeg','GET',2,'lat,lon',0,1,'',0),('167','Proximity Warning!','http://ky.water.usgs.gov/projects/porpoise/Sounds/alarm.mp3',500,0,20094,'audio/mpeg','GET',2,'lat,lon',0,1,'',0),('168','Proximity Warning!','http://ky.water.usgs.gov/projects/porpoise/Sounds/alarm.mp3',500,0,20095,'audio/mpeg','GET',2,'lat,lon',0,1,'',0),('169','Proximity Warning!','http://ky.water.usgs.gov/projects/porpoise/Sounds/alarm.mp3',500,0,20096,'audio/mpeg','GET',2,'lat,lon',0,1,'',0),('174','Proximity Warning!','http://ky.water.usgs.gov/projects/porpoise/Sounds/alarm.mp3',500,0,20097,'audio/mpeg','GET',2,'lat,lon',0,1,'',0),('178','Proximity Warning!','http://ky.water.usgs.gov/projects/porpoise/Sounds/alarm.mp3',500,0,20098,'audio/mpeg','GET',2,'lat,lon',0,1,'',0),('179','Proximity Warning!','http://ky.water.usgs.gov/projects/porpoise/Sounds/alarm.mp3',500,0,20099,'audio/mpeg','GET',2,'lat,lon',0,1,'',0),('181','Proximity Warning!','http://ky.water.usgs.gov/projects/porpoise/Sounds/alarm.mp3',500,0,20100,'audio/mpeg','GET',2,'lat,lon',0,1,'',0),('182','Proximity Warning!','http://ky.water.usgs.gov/projects/porpoise/Sounds/alarm.mp3',500,0,20101,'audio/mpeg','GET',2,'lat,lon',0,1,'',0),('189','Proximity Warning!','http://ky.water.usgs.gov/projects/porpoise/Sounds/alarm.mp3',500,0,20102,'audio/mpeg','GET',2,'lat,lon',0,1,'',0),('190','Proximity Warning!','http://ky.water.usgs.gov/projects/porpoise/Sounds/alarm.mp3',500,0,20103,'audio/mpeg','GET',2,'lat,lon',0,1,'',0),('191','Proximity Warning!','http://ky.water.usgs.gov/projects/porpoise/Sounds/alarm.mp3',500,0,20104,'audio/mpeg','GET',2,'lat,lon',0,1,'',0),('192','Proximity Warning!','http://ky.water.usgs.gov/projects/porpoise/Sounds/alarm.mp3',500,0,20105,'audio/mpeg','GET',2,'lat,lon',0,1,'',0),('193','Proximity Warning!','http://ky.water.usgs.gov/projects/porpoise/Sounds/alarm.mp3',500,0,20106,'audio/mpeg','GET',2,'lat,lon',0,1,'',0),('195','Proximity Warning!','http://ky.water.usgs.gov/projects/porpoise/Sounds/alarm.mp3',500,0,20107,'audio/mpeg','GET',2,'lat,lon',0,1,'',0),('196','Proximity Warning!','http://ky.water.usgs.gov/projects/porpoise/Sounds/alarm.mp3',500,0,20108,'audio/mpeg','GET',2,'lat,lon',0,1,'',0),('197','Proximity Warning!','http://ky.water.usgs.gov/projects/porpoise/Sounds/alarm.mp3',500,0,20109,'audio/mpeg','GET',2,'lat,lon',0,1,'',0),('198','Proximity Warning!','http://ky.water.usgs.gov/projects/porpoise/Sounds/alarm.mp3',500,0,20110,'audio/mpeg','GET',2,'lat,lon',0,1,'',0),('199','Proximity Warning!','http://ky.water.usgs.gov/projects/porpoise/Sounds/alarm.mp3',500,0,20111,'audio/mpeg','GET',2,'lat,lon',0,1,'',0),('200','Proximity Warning!','http://ky.water.usgs.gov/projects/porpoise/Sounds/alarm.mp3',500,0,20112,'audio/mpeg','GET',2,'lat,lon',0,1,'',0),('201','Proximity Warning!','http://ky.water.usgs.gov/projects/porpoise/Sounds/alarm.mp3',500,0,20113,'audio/mpeg','GET',2,'lat,lon',0,1,'',0),('202','Proximity Warning!','http://ky.water.usgs.gov/projects/porpoise/Sounds/alarm.mp3',500,0,20114,'audio/mpeg','GET',2,'lat,lon',0,1,'',0),('203','Proximity Warning!','http://ky.water.usgs.gov/projects/porpoise/Sounds/alarm.mp3',500,0,20115,'audio/mpeg','GET',2,'lat,lon',0,1,'',0),('204','Proximity Warning!','http://ky.water.usgs.gov/projects/porpoise/Sounds/alarm.mp3',500,0,20116,'audio/mpeg','GET',2,'lat,lon',0,1,'',0),('205','Proximity Warning!','http://ky.water.usgs.gov/projects/porpoise/Sounds/alarm.mp3',500,0,20117,'audio/mpeg','GET',2,'lat,lon',0,1,'',0),('209','Proximity Warning!','http://ky.water.usgs.gov/projects/porpoise/Sounds/alarm.mp3',500,0,20118,'audio/mpeg','GET',2,'lat,lon',0,1,'',0),('210','Proximity Warning!','http://ky.water.usgs.gov/projects/porpoise/Sounds/alarm.mp3',500,0,20119,'audio/mpeg','GET',2,'lat,lon',0,1,'',0),('211','Proximity Warning!','http://ky.water.usgs.gov/projects/porpoise/Sounds/alarm.mp3',500,0,20120,'audio/mpeg','GET',2,'lat,lon',0,1,'',0),('212','Proximity Warning!','http://ky.water.usgs.gov/projects/porpoise/Sounds/alarm.mp3',500,0,20121,'audio/mpeg','GET',2,'lat,lon',0,1,'',0),('213','Proximity Warning!','http://ky.water.usgs.gov/projects/porpoise/Sounds/alarm.mp3',500,0,20122,'audio/mpeg','GET',2,'lat,lon',0,1,'',0),('214','Proximity Warning!','http://ky.water.usgs.gov/projects/porpoise/Sounds/alarm.mp3',500,0,20123,'audio/mpeg','GET',2,'lat,lon',0,1,'',0),('215','Proximity Warning!','http://ky.water.usgs.gov/projects/porpoise/Sounds/alarm.mp3',500,0,20124,'audio/mpeg','GET',2,'lat,lon',0,1,'',0),('216','Proximity Warning!','http://ky.water.usgs.gov/projects/porpoise/Sounds/alarm.mp3',500,0,20125,'audio/mpeg','GET',2,'lat,lon',0,1,'',0),('217','Proximity Warning!','http://ky.water.usgs.gov/projects/porpoise/Sounds/alarm.mp3',500,0,20126,'audio/mpeg','GET',2,'lat,lon',0,1,'',0),('218','Proximity Warning!','http://ky.water.usgs.gov/projects/porpoise/Sounds/alarm.mp3',500,0,20127,'audio/mpeg','GET',2,'lat,lon',0,1,'',0),('219','Proximity Warning!','http://ky.water.usgs.gov/projects/porpoise/Sounds/alarm.mp3',500,0,20128,'audio/mpeg','GET',2,'lat,lon',0,1,'',0),('220','Proximity Warning!','http://ky.water.usgs.gov/projects/porpoise/Sounds/alarm.mp3',500,0,20129,'audio/mpeg','GET',2,'lat,lon',0,1,'',0),('221','Proximity Warning!','http://ky.water.usgs.gov/projects/porpoise/Sounds/alarm.mp3',500,0,20130,'audio/mpeg','GET',2,'lat,lon',0,1,'',0),('222','Proximity Warning!','http://ky.water.usgs.gov/projects/porpoise/Sounds/alarm.mp3',500,0,20131,'audio/mpeg','GET',2,'lat,lon',0,1,'',0),('223','Proximity Warning!','http://ky.water.usgs.gov/projects/porpoise/Sounds/alarm.mp3',500,0,20132,'audio/mpeg','GET',2,'lat,lon',0,1,'',0),('224','Proximity Warning!','http://ky.water.usgs.gov/projects/porpoise/Sounds/alarm.mp3',500,0,20133,'audio/mpeg','GET',2,'lat,lon',0,1,'',0),('225','Proximity Warning!','http://ky.water.usgs.gov/projects/porpoise/Sounds/alarm.mp3',500,0,20134,'audio/mpeg','GET',2,'lat,lon',0,1,'',0),('226','Proximity Warning!','http://ky.water.usgs.gov/projects/porpoise/Sounds/alarm.mp3',500,0,20135,'audio/mpeg','GET',2,'lat,lon',0,1,'',0),('231','Proximity Warning!','http://ky.water.usgs.gov/projects/porpoise/Sounds/alarm.mp3',500,0,20136,'audio/mpeg','GET',2,'lat,lon',0,1,'',0),('233','Proximity Warning!','http://ky.water.usgs.gov/projects/porpoise/Sounds/alarm.mp3',500,0,20137,'audio/mpeg','GET',2,'lat,lon',0,1,'',0),('234','Proximity Warning!','http://ky.water.usgs.gov/projects/porpoise/Sounds/alarm.mp3',500,0,20138,'audio/mpeg','GET',2,'lat,lon',0,1,'',0),('235','Proximity Warning!','http://ky.water.usgs.gov/projects/porpoise/Sounds/alarm.mp3',500,0,20139,'audio/mpeg','GET',2,'lat,lon',0,1,'',0),('236','Proximity Warning!','http://ky.water.usgs.gov/projects/porpoise/Sounds/alarm.mp3',500,0,20140,'audio/mpeg','GET',2,'lat,lon',0,1,'',0),('237','Proximity Warning!','http://ky.water.usgs.gov/projects/porpoise/Sounds/alarm.mp3',500,0,20141,'audio/mpeg','GET',2,'lat,lon',0,1,'',0),('240','Proximity Warning!','http://ky.water.usgs.gov/projects/porpoise/Sounds/alarm.mp3',500,0,20142,'audio/mpeg','GET',2,'lat,lon',0,1,'',0),('242','Proximity Warning!','http://ky.water.usgs.gov/projects/porpoise/Sounds/alarm.mp3',500,0,20143,'audio/mpeg','GET',2,'lat,lon',0,1,'',0),('243','Proximity Warning!','http://ky.water.usgs.gov/projects/porpoise/Sounds/alarm.mp3',500,0,20144,'audio/mpeg','GET',2,'lat,lon',0,1,'',0),('244','Proximity Warning!','http://ky.water.usgs.gov/projects/porpoise/Sounds/alarm.mp3',500,0,20145,'audio/mpeg','GET',2,'lat,lon',0,1,'',0),('245','Proximity Warning!','http://ky.water.usgs.gov/projects/porpoise/Sounds/alarm.mp3',500,0,20146,'audio/mpeg','GET',2,'lat,lon',0,1,'',0),('246','Proximity Warning!','http://ky.water.usgs.gov/projects/porpoise/Sounds/alarm.mp3',500,0,20147,'audio/mpeg','GET',2,'lat,lon',0,1,'',0),('247','Proximity Warning!','http://ky.water.usgs.gov/projects/porpoise/Sounds/alarm.mp3',500,0,20148,'audio/mpeg','GET',2,'lat,lon',0,1,'',0),('248','Proximity Warning!','http://ky.water.usgs.gov/projects/porpoise/Sounds/alarm.mp3',500,0,20149,'audio/mpeg','GET',2,'lat,lon',0,1,'',0),('250','Proximity Warning!','http://ky.water.usgs.gov/projects/porpoise/Sounds/alarm.mp3',500,0,20150,'audio/mpeg','GET',2,'lat,lon',0,1,'',0),('251','Proximity Warning!','http://ky.water.usgs.gov/projects/porpoise/Sounds/alarm.mp3',500,0,20151,'audio/mpeg','GET',2,'lat,lon',0,1,'',0),('253','Proximity Warning!','http://ky.water.usgs.gov/projects/porpoise/Sounds/alarm.mp3',500,0,20152,'audio/mpeg','GET',2,'lat,lon',0,1,'',0),('258','Proximity Warning!','http://ky.water.usgs.gov/projects/porpoise/Sounds/alarm.mp3',500,0,20153,'audio/mpeg','GET',2,'lat,lon',0,1,'',0),('261','Proximity Warning!','http://ky.water.usgs.gov/projects/porpoise/Sounds/alarm.mp3',500,0,20154,'audio/mpeg','GET',2,'lat,lon',0,1,'',0),('262','Proximity Warning!','http://ky.water.usgs.gov/projects/porpoise/Sounds/alarm.mp3',500,0,20155,'audio/mpeg','GET',2,'lat,lon',0,1,'',0);
/*!40000 ALTER TABLE `POIAction` ENABLE KEYS */;
UNLOCK TABLES;

--
-- Table structure for table `Transform`
--

DROP TABLE IF EXISTS `Transform`;
/*!40101 SET @saved_cs_client     = @@character_set_client */;
/*!40101 SET character_set_client = utf8 */;
CREATE TABLE `Transform` (
  `id` int(11) NOT NULL,
  `rel` tinyint(1) NOT NULL,
  `angle` decimal(5,2) NOT NULL,
  `rotate_x` decimal(2,1) NOT NULL,
  `rotate_y` decimal(2,1) NOT NULL,
  `rotate_z` decimal(2,1) NOT NULL,
  `translate_x` decimal(5,1) NOT NULL,
  `translate_y` decimal(5,1) NOT NULL,
  `translate_z` decimal(5,1) NOT NULL,
  `scale` decimal(12,2) NOT NULL,
  PRIMARY KEY (`id`)
) ENGINE=InnoDB DEFAULT CHARSET=utf8;
/*!40101 SET character_set_client = @saved_cs_client */;

--
-- Dumping data for table `Transform`
--

LOCK TABLES `Transform` WRITE;
/*!40000 ALTER TABLE `Transform` DISABLE KEYS */;
INSERT INTO `Transform` VALUES (2,0,0.00,0.0,0.0,0.0,0.0,0.0,0.0,10.00),(3,0,0.00,0.0,0.0,0.0,0.0,0.0,0.0,10.00),(4,0,0.00,0.0,0.0,0.0,0.0,0.0,0.0,10.00),(5,0,0.00,0.0,0.0,0.0,0.0,0.0,0.0,10.00),(6,0,0.00,0.0,0.0,0.0,0.0,0.0,0.0,10.00),(7,0,0.00,0.0,0.0,0.0,0.0,0.0,0.0,10.00),(8,0,0.00,0.0,0.0,0.0,0.0,0.0,0.0,10.00),(9,0,0.00,0.0,0.0,0.0,0.0,0.0,0.0,10.00),(10,0,0.00,0.0,0.0,0.0,0.0,0.0,0.0,10.00),(11,0,0.00,0.0,0.0,0.0,0.0,0.0,0.0,10.00),(12,0,0.00,0.0,0.0,0.0,0.0,0.0,0.0,10.00),(13,0,0.00,0.0,0.0,0.0,0.0,0.0,0.0,10.00),(14,0,0.00,0.0,0.0,0.0,0.0,0.0,0.0,10.00),(15,0,0.00,0.0,0.0,0.0,0.0,0.0,0.0,10.00),(16,0,0.00,0.0,0.0,0.0,0.0,0.0,0.0,10.00),(17,0,0.00,0.0,0.0,0.0,0.0,0.0,0.0,10.00),(18,0,0.00,0.0,0.0,0.0,0.0,0.0,0.0,10.00),(19,0,0.00,0.0,0.0,0.0,0.0,0.0,0.0,10.00),(20,0,0.00,0.0,0.0,0.0,0.0,0.0,0.0,10.00),(21,0,0.00,0.0,0.0,0.0,0.0,0.0,0.0,10.00),(24,0,0.00,0.0,0.0,0.0,0.0,0.0,0.0,10.00),(25,0,0.00,0.0,0.0,0.0,0.0,0.0,0.0,10.00),(27,0,0.00,0.0,0.0,0.0,0.0,0.0,0.0,10.00),(28,0,0.00,0.0,0.0,0.0,0.0,0.0,0.0,10.00),(29,0,0.00,0.0,0.0,0.0,0.0,0.0,0.0,10.00),(30,0,0.00,0.0,0.0,0.0,0.0,0.0,0.0,10.00),(31,0,0.00,0.0,0.0,0.0,0.0,0.0,0.0,10.00),(32,0,0.00,0.0,0.0,0.0,0.0,0.0,0.0,10.00),(33,0,0.00,0.0,0.0,0.0,0.0,0.0,0.0,10.00),(34,0,0.00,0.0,0.0,0.0,0.0,0.0,0.0,10.00),(35,0,0.00,0.0,0.0,0.0,0.0,0.0,0.0,10.00),(36,0,0.00,0.0,0.0,0.0,0.0,0.0,0.0,10.00),(37,0,0.00,0.0,0.0,0.0,0.0,0.0,0.0,10.00),(38,0,0.00,0.0,0.0,0.0,0.0,0.0,0.0,10.00),(39,0,0.00,0.0,0.0,0.0,0.0,0.0,0.0,10.00),(40,0,0.00,0.0,0.0,0.0,0.0,0.0,0.0,10.00),(41,0,0.00,0.0,0.0,0.0,0.0,0.0,0.0,10.00),(42,0,0.00,0.0,0.0,0.0,0.0,0.0,0.0,10.00),(43,0,0.00,0.0,0.0,0.0,0.0,0.0,0.0,10.00),(44,0,0.00,0.0,0.0,0.0,0.0,0.0,0.0,10.00),(45,0,0.00,0.0,0.0,0.0,0.0,0.0,0.0,10.00),(46,0,0.00,0.0,0.0,0.0,0.0,0.0,0.0,10.00),(50,0,0.00,0.0,0.0,0.0,0.0,0.0,0.0,10.00),(51,0,0.00,0.0,0.0,0.0,0.0,0.0,0.0,10.00),(52,0,0.00,0.0,0.0,0.0,0.0,0.0,0.0,10.00),(53,0,0.00,0.0,0.0,0.0,0.0,0.0,0.0,10.00),(54,0,0.00,0.0,0.0,0.0,0.0,0.0,0.0,10.00),(55,0,0.00,0.0,0.0,0.0,0.0,0.0,0.0,10.00),(56,0,0.00,0.0,0.0,0.0,0.0,0.0,0.0,10.00),(58,0,0.00,0.0,0.0,0.0,0.0,0.0,0.0,10.00),(59,0,0.00,0.0,0.0,0.0,0.0,0.0,0.0,10.00),(60,0,0.00,0.0,0.0,0.0,0.0,0.0,0.0,10.00),(61,0,0.00,0.0,0.0,0.0,0.0,0.0,0.0,10.00),(62,0,0.00,0.0,0.0,0.0,0.0,0.0,0.0,10.00),(64,0,0.00,0.0,0.0,0.0,0.0,0.0,0.0,10.00),(65,0,0.00,0.0,0.0,0.0,0.0,0.0,0.0,10.00),(66,0,0.00,0.0,0.0,0.0,0.0,0.0,0.0,10.00),(71,0,0.00,0.0,0.0,0.0,0.0,0.0,0.0,10.00),(72,0,0.00,0.0,0.0,0.0,0.0,0.0,0.0,10.00),(73,0,0.00,0.0,0.0,0.0,0.0,0.0,0.0,10.00),(74,0,0.00,0.0,0.0,0.0,0.0,0.0,0.0,10.00),(75,0,0.00,0.0,0.0,0.0,0.0,0.0,0.0,10.00),(76,0,0.00,0.0,0.0,0.0,0.0,0.0,0.0,10.00),(78,0,0.00,0.0,0.0,0.0,0.0,0.0,0.0,10.00),(79,0,0.00,0.0,0.0,0.0,0.0,0.0,0.0,10.00),(80,0,0.00,0.0,0.0,0.0,0.0,0.0,0.0,10.00),(81,0,0.00,0.0,0.0,0.0,0.0,0.0,0.0,10.00),(82,0,0.00,0.0,0.0,0.0,0.0,0.0,0.0,10.00),(86,0,0.00,0.0,0.0,0.0,0.0,0.0,0.0,10.00),(87,0,0.00,0.0,0.0,0.0,0.0,0.0,0.0,10.00),(88,0,0.00,0.0,0.0,0.0,0.0,0.0,0.0,10.00),(90,0,0.00,0.0,0.0,0.0,0.0,0.0,0.0,10.00),(91,0,0.00,0.0,0.0,0.0,0.0,0.0,0.0,10.00),(92,0,0.00,0.0,0.0,0.0,0.0,0.0,0.0,10.00),(93,0,0.00,0.0,0.0,0.0,0.0,0.0,0.0,10.00),(94,0,0.00,0.0,0.0,0.0,0.0,0.0,0.0,10.00),(116,0,0.00,0.0,0.0,0.0,0.0,0.0,0.0,10.00),(126,0,0.00,0.0,0.0,0.0,0.0,0.0,0.0,10.00),(130,0,0.00,0.0,0.0,0.0,0.0,0.0,0.0,10.00),(132,0,0.00,0.0,0.0,0.0,0.0,0.0,0.0,10.00),(134,0,0.00,0.0,0.0,0.0,0.0,0.0,0.0,10.00),(137,0,0.00,0.0,0.0,0.0,0.0,0.0,0.0,10.00),(143,0,0.00,0.0,0.0,0.0,0.0,0.0,0.0,10.00),(144,0,0.00,0.0,0.0,0.0,0.0,0.0,0.0,10.00),(152,0,0.00,0.0,0.0,0.0,0.0,0.0,0.0,10.00),(153,0,0.00,0.0,0.0,0.0,0.0,0.0,0.0,10.00),(155,0,0.00,0.0,0.0,0.0,0.0,0.0,0.0,10.00),(157,0,0.00,0.0,0.0,0.0,0.0,0.0,0.0,10.00),(158,0,0.00,0.0,0.0,0.0,0.0,0.0,0.0,10.00),(159,0,0.00,0.0,0.0,0.0,0.0,0.0,0.0,10.00),(160,0,0.00,0.0,0.0,0.0,0.0,0.0,0.0,10.00),(163,0,0.00,0.0,0.0,0.0,0.0,0.0,0.0,10.00),(165,0,0.00,0.0,0.0,0.0,0.0,0.0,0.0,10.00),(166,0,0.00,0.0,0.0,0.0,0.0,0.0,0.0,10.00),(167,0,0.00,0.0,0.0,0.0,0.0,0.0,0.0,10.00),(168,0,0.00,0.0,0.0,0.0,0.0,0.0,0.0,10.00),(169,0,0.00,0.0,0.0,0.0,0.0,0.0,0.0,10.00),(174,0,0.00,0.0,0.0,0.0,0.0,0.0,0.0,10.00),(178,0,0.00,0.0,0.0,0.0,0.0,0.0,0.0,10.00),(179,0,0.00,0.0,0.0,0.0,0.0,0.0,0.0,10.00),(181,0,0.00,0.0,0.0,0.0,0.0,0.0,0.0,10.00),(182,0,0.00,0.0,0.0,0.0,0.0,0.0,0.0,10.00),(189,0,0.00,0.0,0.0,0.0,0.0,0.0,0.0,10.00),(190,0,0.00,0.0,0.0,0.0,0.0,0.0,0.0,10.00),(191,0,0.00,0.0,0.0,0.0,0.0,0.0,0.0,10.00),(192,0,0.00,0.0,0.0,0.0,0.0,0.0,0.0,10.00),(193,0,0.00,0.0,0.0,0.0,0.0,0.0,0.0,10.00),(195,0,0.00,0.0,0.0,0.0,0.0,0.0,0.0,10.00),(196,0,0.00,0.0,0.0,0.0,0.0,0.0,0.0,10.00),(197,0,0.00,0.0,0.0,0.0,0.0,0.0,0.0,10.00),(198,0,0.00,0.0,0.0,0.0,0.0,0.0,0.0,10.00),(199,0,0.00,0.0,0.0,0.0,0.0,0.0,0.0,10.00),(200,0,0.00,0.0,0.0,0.0,0.0,0.0,0.0,10.00),(201,0,0.00,0.0,0.0,0.0,0.0,0.0,0.0,10.00),(202,0,0.00,0.0,0.0,0.0,0.0,0.0,0.0,10.00),(203,0,0.00,0.0,0.0,0.0,0.0,0.0,0.0,10.00),(204,0,0.00,0.0,0.0,0.0,0.0,0.0,0.0,10.00),(205,0,0.00,0.0,0.0,0.0,0.0,0.0,0.0,10.00),(209,0,0.00,0.0,0.0,0.0,0.0,0.0,0.0,10.00),(210,0,0.00,0.0,0.0,0.0,0.0,0.0,0.0,10.00),(211,0,0.00,0.0,0.0,0.0,0.0,0.0,0.0,10.00),(212,0,0.00,0.0,0.0,0.0,0.0,0.0,0.0,10.00),(213,0,0.00,0.0,0.0,0.0,0.0,0.0,0.0,10.00),(214,0,0.00,0.0,0.0,0.0,0.0,0.0,0.0,10.00),(215,0,0.00,0.0,0.0,0.0,0.0,0.0,0.0,10.00),(216,0,0.00,0.0,0.0,0.0,0.0,0.0,0.0,10.00),(217,0,0.00,0.0,0.0,0.0,0.0,0.0,0.0,10.00),(218,0,0.00,0.0,0.0,0.0,0.0,0.0,0.0,10.00),(219,0,0.00,0.0,0.0,0.0,0.0,0.0,0.0,10.00),(220,0,0.00,0.0,0.0,0.0,0.0,0.0,0.0,10.00),(221,0,0.00,0.0,0.0,0.0,0.0,0.0,0.0,10.00),(222,0,0.00,0.0,0.0,0.0,0.0,0.0,0.0,10.00),(223,0,0.00,0.0,0.0,0.0,0.0,0.0,0.0,10.00),(224,0,0.00,0.0,0.0,0.0,0.0,0.0,0.0,10.00),(225,0,0.00,0.0,0.0,0.0,0.0,0.0,0.0,10.00),(226,0,0.00,0.0,0.0,0.0,0.0,0.0,0.0,10.00),(231,0,0.00,0.0,0.0,0.0,0.0,0.0,0.0,10.00),(233,0,0.00,0.0,0.0,0.0,0.0,0.0,0.0,10.00),(234,0,0.00,0.0,0.0,0.0,0.0,0.0,0.0,10.00),(235,0,0.00,0.0,0.0,0.0,0.0,0.0,0.0,10.00),(236,0,0.00,0.0,0.0,0.0,0.0,0.0,0.0,10.00),(237,0,0.00,0.0,0.0,0.0,0.0,0.0,0.0,10.00),(240,0,0.00,0.0,0.0,0.0,0.0,0.0,0.0,10.00),(242,0,0.00,0.0,0.0,0.0,0.0,0.0,0.0,10.00),(243,0,0.00,0.0,0.0,0.0,0.0,0.0,0.0,10.00),(244,0,0.00,0.0,0.0,0.0,0.0,0.0,0.0,10.00),(245,0,0.00,0.0,0.0,0.0,0.0,0.0,0.0,10.00),(246,0,0.00,0.0,0.0,0.0,0.0,0.0,0.0,10.00),(247,0,0.00,0.0,0.0,0.0,0.0,0.0,0.0,10.00),(248,0,0.00,0.0,0.0,0.0,0.0,0.0,0.0,10.00),(250,0,0.00,0.0,0.0,0.0,0.0,0.0,0.0,10.00),(251,0,0.00,0.0,0.0,0.0,0.0,0.0,0.0,10.00),(253,0,0.00,0.0,0.0,0.0,0.0,0.0,0.0,10.00),(258,0,0.00,0.0,0.0,0.0,0.0,0.0,0.0,10.00),(261,0,0.00,0.0,0.0,0.0,0.0,0.0,0.0,10.00),(262,0,0.00,0.0,0.0,0.0,0.0,0.0,0.0,10.00);
/*!40000 ALTER TABLE `Transform` ENABLE KEYS */;
UNLOCK TABLES;
/*!40103 SET TIME_ZONE=@OLD_TIME_ZONE */;

/*!40101 SET SQL_MODE=@OLD_SQL_MODE */;
/*!40014 SET FOREIGN_KEY_CHECKS=@OLD_FOREIGN_KEY_CHECKS */;
/*!40014 SET UNIQUE_CHECKS=@OLD_UNIQUE_CHECKS */;
/*!40101 SET CHARACTER_SET_CLIENT=@OLD_CHARACTER_SET_CLIENT */;
/*!40101 SET CHARACTER_SET_RESULTS=@OLD_CHARACTER_SET_RESULTS */;
/*!40101 SET COLLATION_CONNECTION=@OLD_COLLATION_CONNECTION */;
/*!40111 SET SQL_NOTES=@OLD_SQL_NOTES */;

-- Dump completed on 2017-09-05 11:51:12
